id,title,authors,type,zotero_key,doi,source_url,collection_name,file_path,brief_synopsis,dimensions_json,open_questions,summary_alignment,needs_review,review_reason,analyzed_at,last_prompt_version,last_model,jel_codes,keywords,updated_at
48,A Model of Growth through Creative Destruction,"Philippe Aghion, Peter Howitt",journalArticle,UQZX7M7I,10.3386/w3223,https://ideas.repec.org/a/ecm/emetrp/v60y1992i2p323-51.html,Cyclicality of R&D,,"The paper presents an endogenous growth model where growth arises from vertical innovations that replace older technologies through creative destruction. Equilibrium is governed by a forward-looking difference equation in which current research effort falls when firms expect more research in the next period. It studies the properties of stationary equilibria, identifies conditions under which cyclical equilibria and no-growth traps can occur, and argues that equilibrium growth may be either above or below the social optimum because business-stealing offsets standard spillover and appropriability effects. The paper also concludes that innovations tend to be inefficiently small.",{},"[""What parameter values determine whether the model converges to a stationary equilibrium, exhibits cycles, or falls into a no-growth trap?"", ""Under what conditions does the business-stealing effect dominate spillover and appropriability effects enough to make equilibrium growth exceed or fall short of the social optimum?"", ""What specific mechanism in the model causes innovations to be too small relative to the social optimum, and how robust is that result to alternative assumptions?""]",agree,0,,2026-04-12 20:06:51,v1,codex-cli,,,2026-04-12 20:06:51
114,"A Model of Research, Patenting, and Technological Change",Samuel S Kortum,journalArticle,QX2VPRVZ,10.3386/w4646,http://ideas.repec.org/a/ecm/emetrp/v65y1997i6p1389-1420.html,Cyclicality of R&D,,"The paper presents a search-theoretic model of technological change aimed at explaining a U.S. pattern in which research employment rose sharply while patenting and productivity growth stayed roughly constant. Researchers are modeled as sampling from distributions over potential production techniques, with successful discoveries becoming harder as technology advances. Under specific assumptions about these search distributions, the model reproduces observed U.S. time-series trends in research effort, patenting, and productivity.",{},"[""What specific restrictions on the search distributions are required for the model to match the U.S. time-series evidence?"", ""How does the model distinguish between patent counts and economically meaningful technological breakthroughs?"", ""What mechanisms determine why higher research employment does not translate into faster productivity growth in equilibrium?""]",agree,0,,2026-04-12 20:13:34,v1,codex-cli,,,2026-04-12 20:13:34
177,A Note on the Theme of Too Many Instruments,David Roodman,preprint,KDAVFCNS,,,Cyclicality of R&D,/Users/pedro/Documents/Projects/papers/cyclicality/references/A Note on the Theme of Too Many Instruments.pdf,"Roodman argues that Difference GMM and System GMM, as commonly implemented in software, often produce misleadingly credible results because they generate too many instruments and, in the System GMM case, potentially dubious ones. Excessive instruments can overfit endogenous variables in finite samples and undermine the Hansen test, making invalid models appear acceptable. The paper reviews evidence on instrument proliferation, proposes and simulates simple methods to limit instrument count, and shows through replications of Forbes (2000) and Levine, Loayza, and Beck (2000) that their findings may be driven by previously unrecognized endogeneity.",{},"[""Which specific instrument-reduction methods perform best across different sample sizes and panel structures?"", ""How severe is the weakening of the Hansen test under varying degrees of instrument proliferation in practice?"", ""What criteria should researchers use to judge when System GMM instruments are substantively suspect rather than merely numerous?"", ""Do the replicated reversals in the economic growth applications generalize to other early GMM-based development studies?""]",agree,0,,2026-04-12 20:20:25,v1,codex-cli,"[""C23"", ""G0"", ""O40""]","[""difference GMM"", ""system GMM"", ""Hansen test"", ""small-sample properties of GMM"", ""financial development"", ""inequality""]",2026-04-12 20:20:25
135,A Small Open Economy DSGE Model with a Housing Sector,"Yun Catherine Bao, Guay C Lim, Shuyun May Li",journalArticle,AKUFBAN9,,,Cyclicality of R&D,/Users/pedro/Documents/Projects/papers/cyclicality/references/A Small Open Economy DSGE Model with a Housing Sector.pdf,"The paper builds and estimates a Bayesian DSGE model of a small open economy with an explicit housing sector, using Australian data. It uses the model to simulate various shocks and assess the role of housing in macroeconomic dynamics. The main result is that the relative flexibility of housing prices versus goods prices materially affects the responses of housing activity and consumption expenditure.",{},"[""Which specific shocks are simulated in the model, and which ones generate the largest housing-sector effects?"", ""How is the housing sector structurally modeled within the DSGE framework, including households, construction, and price-setting?"", ""What Australian data series and estimation priors are used in the Bayesian estimation, and how sensitive are results to those choices?""]",agree,0,,2026-04-12 20:15:41,v1,codex-cli,"[""E44"", ""E47"", ""F41"", ""G18""]","[""DSGE"", ""Small Open Economy"", ""Housing market"", ""Bayesian Estimation""]",2026-04-12 20:15:41
146,A Solution to the Problem of Too Many Instruments in Dynamic Panel Data GMM,Jens Mehrhoff,journalArticle,UK8US7AC,10.2139/ssrn.2785360,https://doi.org/10.2139/ssrn.2785360,Cyclicality of R&D,/Users/pedro/Documents/Projects/papers/cyclicality/references/A Solution to the Problem of Too Many Instruments in Dynamic Panel Data GMM.pdf,"The paper addresses instrument proliferation in dynamic panel data GMM, a problem emphasized by Roodman (2009). It proposes factorizing the standard instrument set as a valid transformation that preserves GMM consistency while reducing the harms caused by too many instruments. Based on Monte Carlo simulations, the method yields lower bias and RMSE and more robust overidentification tests than competing transformations. It also suggests replacing ad hoc researcher choice with a more data-driven statistical decision rule, though the source text does not specify that rule in detail.",{},"[""What exact factorization procedure is proposed, and under what assumptions does it preserve GMM consistency?"", ""How does the data-driven statistical decision rule select among instrument transformations in practice?"", ""How does the proposed method compare with standard instrument-collapsing or truncation strategies across different panel sizes and persistence levels?""]",agree,0,,2026-04-12 20:16:57,v1,codex-cli,"[""C13"", ""C15"", ""C23"", ""C81""]","[""Dynamic Panel Data"", ""Generalised Method of Moments"", ""Instrument Proliferation"", ""Factor Analysis""]",2026-04-12 20:16:57
60,A business cycle model with variable capacity utilization and demand disturbances,Tomoyuki Nakajima,journalArticle,A5MGE6XI,10.1016/j.euroecorev.2003.12.002,http://ideas.repec.org/a/eee/eecrev/v49y2005i5p1331-1360.html,Cyclicality of R&D,/Users/pedro/Documents/Projects/papers/cyclicality/references/A Business Cycle Model with Variable Capacity Utilization and Demand Disturbances.pdf,"Nakajima presents a dynamic general-equilibrium model in which demand (preference) shocks and variable capital utilization help explain U.S. business cycles better than standard real business cycle models. The model emphasizes cyclical capital utilization arising from imperfect competition, slow capital adjustment, and fixed labor requirements. It also argues that representative-agent preference shocks can be interpreted as the reduced form of a heterogeneous-agent incomplete-markets economy, providing a microfoundation for such shocks. Finally, the paper distinguishes between shocks to the marginal utility of consumption and shocks to the marginal disutility of labor, showing that they have different macroeconomic effects.",{},"[""How strongly does the model outperform standard real business cycle models across specific U.S. business-cycle moments or empirical targets?"", ""What quantitative role does each mechanism\u2014imperfect competition, slow capital adjustment, and fixed labor requirements\u2014play in generating cyclical capital utilization?"", ""Under what assumptions can a heterogeneous-agent incomplete-markets economy be aggregated into a representative-agent model with preference shocks?"", ""How do shocks to the marginal utility of consumption versus marginal disutility of labor differ in their effects on output, employment, and utilization?""]",agree,0,,2026-04-12 20:07:51,v1,codex-cli,"[""E22"", ""E32""]","[""Aggregation"", ""Preference shocks"", ""Capacity utilization"", ""Business cycles""]",2026-04-12 20:07:51
137,A multisectoral general equilibrium model of Schumpeterian growth and fluctuations,"Leonard K. Cheng, Elias Dinopoulos",journalArticle,J4T74ABK,10.1016/0165-1889(95)00881-0,https://doi.org/10.1016/0165-1889(95)00881-0,Cyclicality of R&D,/Users/pedro/Documents/Projects/papers/cyclicality/references/A Multisectoral General Equilibrium Model of Schumpeterian Growth and Fluctuations.pdf,"The paper develops a dynamic multisectoral general equilibrium model in which Schumpeterian growth and fluctuations arise endogenously through the introduction of new products. Technological opportunities are split between major breakthroughs and incremental improvements, with improvements subject to diminishing returns. When diminishing returns to improvements are sufficiently weak, the economy does not converge to a steady state and instead exhibits symmetric innovation cycles driven by alternating breakthroughs and improvements. The model also implies that longer innovation cycles are associated with lower long-run growth.",{},"[""What specific mechanisms generate the two symmetric stable innovation patterns, and how do they differ quantitatively in growth and fluctuation outcomes?"", ""How sensitive are the cyclical dynamics to the assumed degree of diminishing returns in technological improvements across sectors?"", ""What empirical evidence could be used to test the model's predicted negative relationship between cycle duration and long-run growth?""]",agree,0,,2026-04-12 20:15:53,v1,codex-cli,"[""E3"", ""O3"", ""04""]","[""Schumpeterian growth"", ""endogenous cycles"", ""technological change""]",2026-04-12 20:15:53
163,A note on innovation and patent protection : Intertemporal imitation-risk smoothing,Walter G Park,journalArticle,EKWVSWJZ,,,Cyclicality of R&D,/Users/pedro/Documents/Projects/papers/cyclicality/references/A Note on Innovation and Patent Protection Intertemporal Imitation-Risk Smoothing.pdf,"The note states that when firms face imitation risk, they allocate innovation over time to smooth that risk between current and future technologies. As a result, patent protection influences not only incentives to innovate but also the timing of innovation by changing the value of this intertemporal risk-smoothing motive. The source text is very brief, so details on model structure, scope conditions, and empirical implications are missing.",{},"[""What specific mechanism links stronger or weaker patent protection to earlier versus later innovation under imitation-risk smoothing?"", ""Does the argument predict a change in the total amount of innovation, or mainly a reallocation of innovation across time?"", ""What assumptions about firm behavior, market structure, or imitation risk are required for intertemporal smoothing to occur?""]",agree,0,,2026-04-12 20:18:45,v1,codex-cli,"[""O31""]","[""Patents; Innovation; Imitation; Intertemporal choice""]",2026-04-12 20:18:45
49,A theory of growth and volatility at the aggregate and firm level,"Diego Comin, Sunil Mulani",journalArticle,QER7ZVM3,10.3386/w11503,https://ideas.repec.org/p/nbr/nberwo/11503.html,Cyclicality of R&D,/Users/pedro/Documents/Projects/papers/cyclicality/references/A Theory of Growth and Volatility at the Aggregate and Firm Level.pdf,"The paper develops an endogenous growth model to explain post-war patterns in productivity growth and volatility at both the firm and aggregate levels. It distinguishes between firm-specific R&D innovations, which mainly increase firm-level volatility through Schumpeterian competition, and general innovations, which mainly drive aggregate productivity variance. The model predicts that declining persistence in industry leadership shifts resources away from general innovations toward R&D, increasing firm volatility and reducing aggregate volatility. The net effect on productivity growth is theoretically ambiguous, and the empirical evidence is presented as consistent with these mechanisms.",{},"[""What determines whether the reallocation from general innovations to firm-specific R&D ultimately raises or lowers aggregate productivity growth?"", ""What factors caused the documented decline in market-share persistence during the post-war period?"", ""How stable is the negative relationship between R&D intensity and cross-sector growth correlation across different industries, countries, or later periods?""]",agree,0,,2026-04-12 20:06:58,v1,codex-cli,"[""D9"", ""E3"", ""L1""]","[""Endogenous growth"", ""Aggregate volatility"", ""Firm-level volatility"", ""Innovation""]",2026-04-12 20:06:58
194,Aggregate R&D Expenditure and Endogenous Economic Growth,"Mª Jesús Freire-Serén, Angel de la Fuente, Jaime Alonso, Lorenzo Serrano",preprint,4VDJP7MJ,,,Cyclicality of R&D,/Users/pedro/Documents/Projects/papers/cyclicality/references/Aggregate R&D Expenditure and Endogenous Economic Growth.pdf,"This preprint examines, both theoretically and empirically, how aggregate R&D expenditure contributes to economic growth. It proposes an innovation technology driven by R&D spending rather than labor inputs. The core claim is that this specification can generate sustained, endogenously determined growth even in the absence of population growth.",{},"[""What empirical evidence do the authors provide to identify the effect of aggregate R&D expenditure on growth outcomes?"", ""How does the proposed R&D-expenditure-based innovation technology differ formally from standard labor-based endogenous growth models?"", ""What assumptions are required for sustained growth to persist when population growth is zero?""]",agree,0,,2026-04-12 20:22:21,v1,codex-cli,"[""O30"", ""O40"", ""O47""]","[""Technological change"", ""endogenous growth"", ""aggregateR&D-expenditure"", ""empirical evidence""]",2026-04-12 20:22:21
50,Aggregate economic fluctuations in endogenous growth models,Elvan Ozlu,journalArticle,HBSWWCSG,10.1016/s0164-0704(96)80002-4,http://ideas.repec.org/a/eee/jmacro/v18y1996i1p27-47.html,Cyclicality of R&D,/Users/pedro/Documents/Projects/papers/cyclicality/references/Aggregate Economic Fluctuations in Endogenous Growth Models.pdf,"No abstract is available for this item, so the source text provides no direct information about the paper's argument, methods, evidence, or conclusions. Based on the title alone, it likely concerns aggregate fluctuations within an endogenous growth framework, but that inference is tentative because the actual content is missing.",{},"[""What endogenous growth mechanism or model structure does the paper use to analyze aggregate fluctuations?"", ""Does the paper develop a theoretical model, an empirical test, or a quantitative calibration of business-cycle dynamics?"", ""How does the paper connect short-run aggregate fluctuations to long-run growth outcomes?""]",agree,0,,2026-04-12 20:07:03,v1,codex-cli,[],[],2026-04-12 20:07:03
35,An Empirical Examination of the Procyclicality of R&amp;D Investment and Innovation,", Kira R. Fabrizio, , Ulya Tsolmon",journalArticle,KC4E7QJ6,10.1162/rest_a_00412,https://doi.org/10.1162/rest_a_00412,Cyclicality of R&D,,"The paper examines why R&D investment and innovation appear procyclical despite the Schumpeterian opportunity cost hypothesis, which predicts more innovation during recessions. It argues that firms shift innovative activity into booms to better capture high-demand periods before product obsolescence or imitation erodes returns. The reported evidence supports this mechanism: R&D is more procyclical in industries with faster obsolescence, and innovation is more procyclical in industries with weaker intellectual property protection.",{},"[""What data, sample, and empirical identification strategy are used to test the procyclicality of R&D and innovation?"", ""How does the paper operationalize and measure industry obsolescence and the strength of IP protection?"", ""Does the analysis distinguish between R&D spending and realized innovation outcomes across firms or industries in different macroeconomic conditions?""]",agree,0,,2026-04-12 20:05:07,v1,codex-cli,,,2026-04-12 20:05:07
36,An Endogenous Approach to the Cyclicality of R&amp;D Investment under Credit Constraints: Firms’ Cash Flow Matters!,", Juan Laborda, , , Vicente Salas-Fumás, , Cristina Suárez",journalArticle,9N4HGP4X,10.3390/joitmc6020033,https://doi.org/10.3390/joitmc6020033,Cyclicality of R&D,,"The paper analyzes how firms' R&D spending responds to external financing constraints when those constraints are modeled as endogenous rather than fixed. Using a joint estimation of three interrelated equations, it finds that constrained firms spend roughly half as much on R&D as unconstrained firms and that the effect of the business cycle on perceived financing constraints depends on firms' internal cash flow. R&D is countercyclical for low-cash-flow firms, procyclical for high-cash-flow firms, and negatively related to aggregate leverage in the non-financial sector. The study argues that firm liquidity and macro-financial conditions are tightly linked to innovation investment and relevant for stabilization policy design.",{},"[""How is external financial constraint status identified within the endogenous model, and how robust are the results to alternative identification strategies?"", ""What firm characteristics beyond internal cash flow materially alter whether R&D behaves countercyclically or procyclically?"", ""How much of the negative association between aggregate leverage and R&D reflects credit supply conditions versus weaker demand or other macroeconomic shocks?"", ""Does the estimated relationship between credit constraints and R&D vary across industries, firm sizes, or institutional financing environments?""]",agree,0,,2026-04-12 20:05:15,v1,codex-cli,,,2026-04-12 20:05:15
79,Animal spirits through creative destruction,", Patrick Francois, , Huw Lloyd-Ellis",journalArticle,TQGIP4XQ,10.1257/000282803322156972,https://doi.org/10.1257/000282803322156972,Cyclicality of R&D,,"The paper argues that Schumpeterian creative destruction can generate rational herd behavior among entrepreneurs across sectors, creating dynamics that resemble ""animal spirits."" In the model, decentralized innovation produces recurring booms, slowdowns, and downturns as part of long-run growth rather than as separate short-run disturbances. The authors also find that the cyclical equilibrium delivers higher average growth but lower welfare than a comparable acyclical equilibrium, and they examine how the model fits observed business-cycle patterns. The source text does not provide methodological detail, so conclusions about mechanisms beyond these headline results should be treated cautiously.",{},"[""What specific mechanism in the model causes independent entrepreneurs in different sectors to synchronize their innovation activity?"", ""Why does the higher-growth cyclical equilibrium generate lower welfare than the comparable acyclical equilibrium?"", ""Under what conditions does the model produce a negative relationship between volatility and growth across cycling economies?""]",agree,0,,2026-04-12 20:10:15,v1,codex-cli,,,2026-04-12 20:10:15
80,Are Micro and Macro Labor Supply Elasticities Consistent? A Review of Evidence on the Intensive and Extensive Margins,"Raj Chetty, Adam Guren, Day Manoli, Andrea Weber",journalArticle,IQUT8HC9,10.1257/aer.101.3.471,http://www.aeaweb.org/articles.php?doi=10.1257/aer.101.3.471,Cyclicality of R&D,/Users/pedro/Documents/Projects/papers/cyclicality/references/Are Micro and Macro Labor Supply Elasticities Consistent A Review of Evidence on the Intensive and Extensive Margins.pdf,"The paper reviews evidence comparing micro and macro labor supply elasticities on both the intensive and extensive margins. It concludes that micro estimates are broadly consistent with macro steady-state (Hicksian) elasticities relevant for cross-country comparisons. However, micro estimates of intertemporal substitution (Frisch) elasticities are far too small to explain business-cycle fluctuations in aggregate hours through preference-driven labor supply alone. The main unresolved puzzle is why employment fluctuates so strongly over the cycle relative to what tax-change-based micro evidence would predict.",{},"[""Why do employment rates vary so much over the business cycle compared with predictions based on micro evidence from tax policy changes?"", ""What mechanisms could reconcile small micro Frisch elasticities with large cyclical movements in aggregate hours?"", ""How should labor supply models incorporate extensive-margin responses when matching both cross-country differences and business-cycle dynamics?""]",agree,0,,2026-04-12 20:10:22,v1,codex-cli,"[""J23"", ""E24""]","[""labor supply elasticity"", ""macroeconomic models"", ""quasi-experimental evidence""]",2026-04-12 20:10:22
61,Are There Financing Constraints for R&amp;D and Investment in German Manufacturing Firms?,", Dietmar Harhoff",journalArticle,KXHBQPGC,10.1007/978-1-4757-3194-1_16,https://doi.org/10.1007/978-1-4757-3194-1_16,Cyclicality of R&D,,"The study uses a newly constructed panel of German manufacturing enterprises from 1990 to 1994 to estimate equations for both R&D and capital investment. Initial accelerator models show strong cash-flow sensitivity for both activities among smaller firms, but much of this weakens after accounting for error-correcting behavior; still, a significant positive cash-flow effect remains for small firms’ investment. For R&D, a weak but statistically significant cash-flow relationship persists for both small and large firms. Euler equation results are inconclusive overall, though large-firm investment estimates are broadly consistent with no financing constraints, and survey evidence suggests that small firms’ investment-cash flow sensitivity likely reflects financing constraints.",{},"[""How exactly are firms categorized as relatively small versus large, and how sensitive are the results to that cutoff?"", ""Why do Euler equation estimates for R&D fail to provide informative evidence on financing constraints?"", ""Do the survey-based indicators of financing constraints align quantitatively with the econometric cash-flow sensitivity results for small firms?""]",agree,0,,2026-04-12 20:07:59,v1,codex-cli,,,2026-04-12 20:07:59
26,Are technology improvements contractionary?,"Susanto Basu, John G. Fernald, Miles S. Kimball",journalArticle,B3TC2TV9,10.1257/aer.96.5.1418,http://ideas.repec.org/p/nbr/nberwo/10592.html,Cyclicality of R&D,/Users/pedro/Documents/Projects/papers/cyclicality/references/Are Technology Improvements Contractionary.pdf,"The paper argues that aggregate technology improvements can be contractionary in the short run rather than immediately expansionary. Using a technology measure that adjusts for utilization, non-constant returns, imperfect competition, and aggregation effects, the authors find that input use and non-residential investment fall sharply on impact while output changes little. After several years, inputs and investment recover and output rises strongly. This pattern is inconsistent with standard one-sector real business cycle models but consistent with simple sticky-price models.",{},"[""How robust are the contractionary short-run effects to alternative ways of measuring utilization, market power, and returns to scale?"", ""What mechanisms in sticky-price models account for the delayed recovery of inputs and investment after a technology improvement?"", ""Which components of non-residential investment and input use drive the sharp short-run declines following a technology shock?""]",agree,0,,2026-04-12 20:04:06,v1,codex-cli,"[""E22"", ""E32"", ""O33""]",[],2026-04-12 20:04:06
153,Assessing the Contribution of Venture Capital to Innovation,"Samuel Kortum, Josh Lerner",journalArticle,2QAK5WPS,10.2307/2696354,http://doi.wiley.com/10.2307/2696354,Cyclicality of R&D,/Users/pedro/Documents/Projects/papers/cyclicality/references/Assessing the Contribution of Venture Capital to Innovation.pdf,"The paper analyzes how venture capital affects patented invention in the United States across twenty industries over roughly three decades. It reports that industries with more venture capital activity have significantly higher patenting rates. To address causality concerns, the authors use several strategies, including exploiting a 1979 policy change that increased venture capital fundraising. The source text supports the view that venture capital contributes positively to measured innovation.",{},"[""Does the observed increase in patenting reflect more patents, higher-quality patents, or both?"", ""How strong is the causal effect once alternative industry-specific drivers of patenting are accounted for?"", ""Did the 1979 policy shift affect some industries more than others, and what explains that variation?""]",agree,0,,2026-04-12 20:17:41,v1,codex-cli,[],[],2026-04-12 20:17:41
124,Beyond Internal Capital Markets : The In-House Transmission of Adverse Sales Shocks and the Collateral Channel * Beyond Internal Capital Markets : The In-House Transmission of Adverse Sales Shocks and the Collateral Channel Abstract,Yuk Ying Chang,journalArticle,TJXBL2NZ,,,Cyclicality of R&D,/Users/pedro/Documents/Projects/papers/cyclicality/references/Beyond Internal Capital Markets The In-House Transmission of Adverse Sales Shocks and the Collateral Channel.pdf,"The paper studies whether adverse shocks to some business segments reduce investment in other, non-shocked segments within the same firm. It finds that investment in non-shocked segments falls significantly relative to comparable segments in firms without such shocks. The evidence suggests this spillover is not mainly driven by lower internal funds, but by declining collateral values that restrict external financing. This supports an in-house collateral-channel mechanism consistent with Kiyotaki and Moore (1997).",{},"[""How does the strength of the collateral-channel spillover vary across firms with different asset tangibility or leverage levels?"", ""Do non-shocked segments with greater access to alternative external financing experience smaller investment declines after segment shocks?"", ""How persistent are the investment effects in non-shocked segments following an adverse shock to another segment?"", ""What types of collateral assets are most important in transmitting shocks across segments within the firm?""]",agree,0,,2026-04-12 20:14:33,v1,codex-cli,"[""G31"", ""G32"", ""G33""]","[""Internal Capital Markets"", ""Collateral Channel"", ""Transmission Mechanism""]",2026-04-12 20:14:33
187,Bosworth & Westaway   The influence of demand and supply side pressures on the quantity and quality of inventive activity,,preprint,MBV52KU3,,,Cyclicality of R&D,/Users/pedro/Documents/Projects/papers/cyclicality/references/Bosworth & Westaway - The influence of demand and supply side pressures on the quantity and quality of inventive activity.pdf,"This preprint appears to examine how demand-side and supply-side pressures affect both the volume and quality of inventive activity. However, the provided source text contains no abstract or substantive content, so the specific arguments, methods, and findings are missing. Any characterization beyond the title is therefore tentative and inferred cautiously from the paper’s stated topic.",{},"[""How do the authors define and measure demand-side versus supply-side pressures on inventive activity?"", ""What indicators are used to distinguish the quantity of invention from the quality of invention?"", ""What empirical strategy, dataset, or case material does the preprint use to identify these effects?""]",drift,0,,2026-04-12 20:21:40,v1,codex-cli,[],[],2026-04-12 20:21:40
204,Business Cycle Fluctuations in U.S. Macroeconomic Time Series,,preprint,NFFCEFB9,,,Cyclicality of R&D,/Users/pedro/Documents/Projects/papers/cyclicality/references/Business Cycle Fluctuations in U.S. Macroeconomic Time Series.pdf,,"{""dimension_i"":"""",""dimension_ii"":"""",""dimension_iii"":"""",""dimension_iv"":""""}",,,0,,,,,,,2026-04-12 18:49:20
51,Business Cycle Models with Endogenous Technology,George W Stadler,journalArticle,YWDXWBIS,,http://econpapers.repec.org/RePEc:aea:aecrev:v:80:y:1990:i:4:p:763-78,Cyclicality of R&D,/Users/pedro/Documents/Projects/papers/cyclicality/references/Business Cycle Models with Endogenous Technology.pdf,"The paper compares real and monetary business cycle models under exogenous versus endogenous technical change. It argues that when technology is endogenous, model behavior shifts substantially: real and monetary models generate similar output dynamics, and aggregate demand shocks can have lasting effects on productivity, employment, and output. It also considers how technology depreciation matters and briefly discusses cyclical real wage movements when money wages are fixed but technology continues to change.",{},"[""What mechanisms in the model make real and monetary business cycle frameworks produce similar output processes once technology is endogenous?"", ""Under what assumptions do aggregate demand changes generate permanent effects on productivity, employment, and output?"", ""How is technology depreciation modeled, and how important is it quantitatively for business cycle dynamics?"", ""When money wages are fixed, how do endogenous technology changes alter the cyclical path of real wages?""]",agree,0,,2026-04-12 20:07:09,v1,codex-cli,"[""J13""]",[],2026-04-12 20:07:09
190,Business Cycles A Theoretical Historical and Statistical Analysis of the Capitalist Process,,preprint,5JDPJUNC,,,Cyclicality of R&D,/Users/pedro/Documents/Projects/papers/cyclicality/references/Business Cycles A Theoretical Historical and Statistical Analysis of the Capitalist Process.pdf,,"{""dimension_i"":"""",""dimension_ii"":"""",""dimension_iii"":"""",""dimension_iv"":""""}",,,0,,,,,,,2026-04-12 18:49:20
142,Business Cycles with Endogenous Growth,"Robert G King, Sergio T Rebelo",journalArticle,IJC84BB5,,,Cyclicality of R&D,/Users/pedro/Documents/Projects/papers/cyclicality/references/Business Cycles with Endogenous Growth.pdf,"King and Rebelo argue that business-cycle analysis should be integrated with models that also explain endogenous long-run growth, rather than separating fluctuations from growth trends. In the framework described, sustained growth must arise even when technology and preferences are time-stationary. Under those conditions, shocks do not simply generate temporary deviations around trend; they can cause permanent shifts in the path of aggregate economic activity. The source text does not provide the model's formal mechanisms, so this summary is necessarily high-level.",{},"[""What specific endogenous growth mechanism in the paper generates sustained growth despite time-stationary technology and preferences?"", ""How do the authors distinguish empirically between permanent shifts in activity and traditional transitory business-cycle fluctuations?"", ""What types of shocks in the model produce permanent effects on output, employment, or growth trajectories?"", ""What assumptions are necessary for cycles to become permanent shifts rather than self-correcting deviations?""]",agree,0,,2026-04-12 20:16:29,v1,codex-cli,[],[],2026-04-12 20:16:29
147,Business Cycles with Heterogeneous Agents,Roger E A Farmer,journalArticle,SS5YTTRI,,,Cyclicality of R&D,/Users/pedro/Documents/Projects/papers/cyclicality/references/Business Cycles with Heterogeneous Agents.pdf,"The paper presents a stochastic overlapping-generations model with heterogeneous agents and an aggregate shock, structured so that the standard RBC model appears as a special case. It studies three calibrations: an RBC-like benchmark, a heterogeneous-agent economy without corporate taxes, and one with corporate income taxes. The framework is used to explain the low safe interest rate observed in U.S. data and variation in investment-to-GDP ratios and profit shares across model setups.",{},"[""What specific mechanisms in the heterogeneous-agent structure generate the lower safe interest rate relative to the RBC benchmark?"", ""How much do corporate income taxes quantitatively change investment-to-GDP ratios and profit shares between the HA and HATAX calibrations?"", ""What dimensions of household heterogeneity are included in the overlapping-generations model, and which are omitted?""]",agree,0,,2026-04-12 20:17:03,v1,codex-cli,[],"[""Business Cycles"", ""Heterogeneous Agents"", ""RBC Model""]",2026-04-12 20:17:03
160,Business cycles and investment in human capital: international evidence on higher education,"Plutarchos Sakellaris, Antonio Spilimbergo",journalArticle,IIDZNSZQ,10.1016/s0167-2231(00)00024-5,http://www.sciencedirect.com/science/article/pii/S0167223100000245,Cyclicality of R&D,/Users/pedro/Documents/Projects/papers/cyclicality/references/Business Cycles and Investment in Human Capital International Evidence on Higher Education.pdf,"The paper examines how economic fluctuations affect investment in higher education across many countries, with particular attention to foreign students enrolling in U.S. universities. It finds a strong link between enrollment and the business cycle in students' home countries, but the pattern differs sharply by country group: enrollment from OECD countries is countercyclical, while enrollment from non-OECD countries is procyclical. The authors argue that opportunity cost primarily explains OECD patterns, whereas ability to pay and credit constraints are more important in non-OECD countries. They report that similar results appear in domestic enrollment data from national sources.",{},"[""How consistent are these countercyclical versus procyclical enrollment patterns across individual countries within the OECD and non-OECD groups?"", ""What specific measures of credit constraints and ability to pay best explain the procyclical enrollment response in non-OECD countries?"", ""Do the same business-cycle mechanisms affect domestic higher education enrollment and international student mobility to the same degree?""]",agree,0,,2026-04-12 20:18:26,v1,codex-cli,[],"[""business cycles"", ""investment in human capital"", ""higher education""]",2026-04-12 20:18:26
81,Business cycles and investment in intangibles: evidence from Spanish firms,", Paloma Lopez-Garcia, , José Manuel Montero, , Enrique Moral-Benito",journalArticle,E9C4GMNK,10.2139/ssrn.2064535,https://doi.org/10.2139/ssrn.2064535,Cyclicality of R&D,,"The paper studies Spanish firms from 1991 to 2010 to test the opportunity-cost theory, which predicts that productivity-enhancing investments like R&D should rise in downturns when the forgone-output cost is lower. It finds that R&D can be countercyclical, but this pattern is reversed for firms facing credit constraints. On-the-job training is countercyclical regardless of financial constraints, while patent purchases are broadly acyclical, possibly indicating substitution with internal R&D over the cycle. The paper also examines complementarities between intangible investments and traditional inputs to assess indirect effects on long-run growth.",{},"[""How large is the substitution effect between internal R&D and patent purchases across different phases of the business cycle?"", ""Which firm characteristics besides credit access best predict whether R&D remains countercyclical during downturns?"", ""How do complementarities between intangible investment and labour or physical capital translate into long-run productivity growth?""]",agree,0,,2026-04-12 20:10:29,v1,codex-cli,,,2026-04-12 20:10:29
82,Business cycles in a two-sector model of endogenous growth,Erik Canton,journalArticle,QFKACWSW,10.1007/s001990000151,http://ideas.repec.org/a/spr/joecth/v19y2002i3p477-492.html,Cyclicality of R&D,/Users/pedro/Documents/Projects/papers/cyclicality/references/Business Cycles in a Two-Sector Model of Endogenous Growth.pdf,"The paper studies how business-cycle volatility affects long-run growth in a stochastic two-sector endogenous growth model. It concludes that greater cyclical volatility can raise growth because individuals respond to uncertainty by allocating more time to learning, with human capital serving as a hedge against future income risk. In the model calibration, observed business-cycle variability increases growth by about 0.46 percentage points. At the same time, eliminating volatility still yields welfare gains of roughly 1.87% of permanent consumption once general-equilibrium interactions are considered.",{},"[""How sensitive is the estimated 0.46 percentage-point growth effect to alternative calibrations of preferences, technology, and shock processes?"", ""Would the positive volatility-growth relationship hold if human capital accumulation were subject to adjustment costs or borrowing constraints?"", ""How does the welfare gain from eliminating volatility coexist with higher growth under volatility, and which mechanism dominates under different parameter values?"", ""Does the result depend on uncertainty affecting labor income broadly, or would sector-specific shocks generate different learning responses?""]",agree,0,,2026-04-12 20:10:36,v1,codex-cli,"[""E32"", ""J24"", ""O41""]","[""Endogenous Growth"", ""Real Business Cycles"", ""Precautionary Savings""]",2026-04-12 20:10:36
54,CREDIT CONSTRAINTS AND THE CYCLICALITY OF R&amp;D INVESTMENT: EVIDENCE FROM FRANCE,"Philippe Aghion, Philippe Askenazy, Nicolas Berman, Gilbert Cette, Laurent Eymard",journalArticle,3FAFE7BP,10.1111/j.1542-4774.2012.01093.x,http://doi.wiley.com/10.1111/j.1542-4774.2012.01093.x,Cyclicality of R&D,,,"{""dimension_i"":"""",""dimension_ii"":"""",""dimension_iii"":"""",""dimension_iv"":""""}",,,0,,,,,,,2026-04-09 22:02:44
191,Cash Holdings and R&D Smoothing,"James R. Brown, Bruce C. Petersen",preprint,E7G6QDJC,,,Cyclicality of R&D,/Users/pedro/Documents/Projects/papers/cyclicality/references/Cash Holdings and R&D Smoothing.pdf,"The paper argues that the rise of R&D investment has important implications for how firms manage liquidity, because R&D is costly to adjust and often funded by volatile external finance. Its core claim is that firms, especially those facing stronger financing frictions, use cash reserves to stabilize R&D spending when financing conditions fluctuate. Using dynamic R&D models, the authors find that young firms in particular substantially smoothed R&D, with cash holdings reducing R&D volatility by about 75% during the 1998-2002 equity issuance boom-bust cycle.",{},"[""How do the authors identify and measure financing frictions across firms, and how sensitive are the results to alternative measures?"", ""Does the R&D-smoothing role of cash holdings persist outside the 1998-2002 period and in different financing environments?"", ""Are the effects concentrated among young firms only, or do mature high-R&D firms also use cash similarly to smooth innovation spending?"", ""What are the downstream consequences of R&D smoothing via cash holdings for innovation output, firm value, or long-run growth?""]",agree,0,,2026-04-12 20:22:04,v1,codex-cli,"[""G31"", ""G32""]","[""Cash holdings"", ""R&D"", ""Value of liquidity"", ""Investment smoothing""]",2026-04-12 20:22:04
52,Cash holdings and R&amp;D smoothing,"James R Brown, Bruce C Petersen",journalArticle,YG97CI3E,10.1016/j.jcorpfin.2010.01.003,http://www.sciencedirect.com/science/article/pii/S0929119910000040,Cyclicality of R&D,,,"{""dimension_i"":"""",""dimension_ii"":"""",""dimension_iii"":"""",""dimension_iv"":""""}",,,0,,,,,,,2026-04-09 22:02:44
152,Competition and Innovation : An Inverted U Relationship ∗,"Nicholas Bloom, Richard Blundell, Philippe Aghion, Rachel Gri, Peter Howitt, Wendy Carlin, Paul David, Janice Eberly, Dennis Ranque, Mark Shankerman, Robert Solow",journalArticle,INUX2IVE,,,Cyclicality of R&D,/Users/pedro/Documents/Projects/papers/cyclicality/references/Competition and Innovation An Inverted U Relationship.pdf,"The paper examines how product market competition affects innovation using a growth model and firm-level patent data. It argues that competition has opposing effects: it can increase the payoff to innovating for firms that are close competitors, while reducing incentives for firms that are technologically behind. This produces an inverted-U relationship between competition and innovation, with additional predictions about reduced neck-and-neckness under stronger competition, a steeper inverted-U in more neck-and-neck industries, and stronger positive effects of debt pressure when competition is initially low. Evidence from UK firms’ US patenting activity is presented as consistent with these predictions.",{},"[""How sensitive are the paper\u2019s results to measuring innovation through US patent filings rather than broader indicators such as R&D, productivity growth, or non-patented innovation?"", ""How exactly is technological 'neck-and-neckness' operationalized in the empirical analysis, and does that measure capture sectoral differences in innovation races?"", ""Do the predicted effects of debt pressure on innovation at low competition levels persist outside the UK sample and in later time periods?"", ""What mechanisms explain why increased competition reduces neck-and-neckness across firms over time?""]",agree,0,,2026-04-12 20:17:34,v1,codex-cli,[],[],2026-04-12 20:17:34
183,Competition in Innovation and Imitation   A Theoretical and Experimental Study,"John Doe, Jane Smith",preprint,27GWFNQ2,,,Cyclicality of R&D,/Users/pedro/Documents/Projects/papers/cyclicality/references/Competition in Innovation and Imitation - A Theoretical and Experimental Study.pdf,"The source text discusses fiscal policy in developing countries over the past decade, focusing on government expenditure, revenue collection, and economic growth. It argues that well-targeted fiscal policies can materially support poverty reduction and broader economic development. The text is short and provides no methodological detail, data scope, or identification strategy.",{},"[""How does this fiscal-policy-focused source relate to the paper title on innovation and imitation, if at all?"", ""Which developing countries, years, and datasets were included in the analysis?"", ""What empirical or theoretical method was used to assess the effects of fiscal policy on poverty reduction and growth?"", ""How were 'well-targeted' fiscal policies defined and measured in the study?""]",drift,0,,2026-04-12 20:21:01,v1,codex-cli,"[""E62"", ""O15""]","[""fiscal policy"", ""developing countries"", ""economic growth""]",2026-04-12 20:21:01
75,Corporate research &amp; development investments international comparisons,", Sanjai Bhagat, , Ivo Welch",journalArticle,AVHGU6G5,10.1016/0165-4101(94)00391-h,https://doi.org/10.1016/0165-4101(94)00391-h,Cyclicality of R&D,,"This paper compares the determinants of corporate R&D spending across firms in the U.S., Canada, Britain, Europe, and Japan. It finds that prior-year debt is negatively associated with current R&D in U.S. firms but positively associated in Japanese firms. The authors also report that two-year lagged stock returns are positively related to current R&D in U.S., European, Japanese, and large British firms. Prior-year tax payments are positively associated with R&D in Japanese firms but negatively associated in small and medium-sized U.S. firms.",{},"[""Why does higher prior debt predict lower R&D in U.S. firms but higher R&D in Japanese firms?"", ""What mechanisms explain the positive link between two-year lagged stock returns and later R&D spending across several regions?"", ""Why do prior tax payments correlate positively with R&D in Japanese firms but negatively in smaller U.S. firms?"", ""Information is missing on Canadian results in the abstract; were no significant determinants found for Canadian firms, or are they omitted here?""]",agree,0,,2026-04-12 20:09:46,v1,codex-cli,,,2026-04-12 20:09:46
23,Credit Search and Credit Cycles,"Nobuhiro Kiyotaki, John Moore",journalArticle,3BAZJD9R,10.20955/wp.2015.023,http://ideas.repec.org/a/ucp/jpolec/v105y1997i2p211-48.html,Cyclicality of R&D,,"The source presents a dynamic macroeconomic model in which debt enforcement is possible only when borrowing is secured, making durable assets important both as productive inputs and as collateral. Because credit limits depend on asset values, and asset prices in turn affect borrowing capacity, shocks propagate through a feedback loop between finance and production. The paper argues that even small, temporary shocks to technology or income distribution can produce large, persistent movements in output and asset prices, with spillovers across sectors.",{},"[""How are credit limits formally linked to collateral values and asset prices in the model's dynamic structure?"", ""What specific channels generate spillovers from one sector to others following a shock?"", ""How do temporary technology shocks differ from income distribution shocks in their quantitative effects on output and asset prices?""]",agree,0,,2026-04-12 20:03:46,v1,codex-cli,,,2026-04-12 20:03:46
53,Credit and Banking in a DSGE Model of the Euro Area,"Andrea Gerali, Stefano Neri, Luca Sessa, Federico M. Signoretti",journalArticle,FIY96D8T,10.1111/j.1538-4616.2010.00331.x,http://ideas.repec.org/a/mcb/jmoncb/v42y2010is1p107-141.html,Cyclicality of R&D,/Users/pedro/Documents/Projects/papers/cyclicality/references/Credit and Banking in a DSGE Model.pdf,"The paper develops and estimates a euro-area DSGE model with financial frictions and an imperfectly competitive banking sector in which banks supply collateralized loans to households and firms, fund themselves with deposits, and build capital through retained earnings. Loan spreads are driven by banks' capital positions and by lending-rate stickiness, creating a balance-sheet channel that links macroeconomic conditions to credit supply. The estimated results indicate that banking frictions, especially sticky lending rates, weaken monetary policy transmission, amplify the effects of supply shocks, and make banking-sector shocks the main driver of the 2008 downturn. The authors also conclude that unexpected bank capital destruction can have large macroeconomic effects.",{},"[""How sensitive are the paper's estimated effects to alternative assumptions about the degree of lending-rate stickiness?"", ""How would the results change if banks were allowed to raise external equity instead of relying on retained earnings for capital accumulation?"", ""Would banking-sector shocks still dominate the explanation of the 2008 contraction if the model were re-estimated on a longer or post-crisis euro-area sample?""]",agree,0,,2026-04-12 20:07:16,v1,codex-cli,"[""E30"", ""E32"", ""E43"", ""E51"", ""E52""]","[""Collateral Constraints"", ""Banks"", ""Sticky Bank Interest Rates"", ""Housing"", ""Credit"", ""Banking Capital""]",2026-04-12 20:07:16
83,Credit constraints and the cyclicality of R&D investment: Evidence from France,"Philippe Aghion, Phillipe Askenazy, Nicolas Berman, Gilbert Cette, Laurent Eymard",report,QDCZ2CYW,,http://ideas.repec.org/p/hal/psewpa/halshs-00586744.html,Cyclicality of R&D,/Users/pedro/Documents/Projects/papers/cyclicality/references/Credit Constraints and the Cyclicality of R&D Investment Evidence from France.pdf,"Using data on 13,000 French firms from 1993 to 2004, the report examines how credit constraints shape the business-cycle behavior of R&D investment. It finds that absent credit constraints, the share of R&D in total investment is countercyclical, but this countercyclicality weakens as firms become more financially constrained. The effect is stronger in sectors more reliant on external finance or with lower asset tangibility, and constrained firms cut R&D sharply in recessions without a symmetric rebound in expansions. The study also links tighter credit constraints to a stronger negative relationship between sales volatility, average R&D investment, and productivity growth.",{},"[""What specific measures of credit constraints are used, and how sensitive are the results to alternative proxies?"", ""How large are the asymmetric recession-versus-expansion effects on R&D for constrained firms in economic terms?"", ""Do public subsidies, tax credits, or banking relationships offset the decline in R&D among credit-constrained firms during downturns?"", ""Are the observed productivity effects driven mainly by reduced R&D spending, or also by changes in firm composition and survival over the cycle?""]",agree,0,,2026-04-12 20:10:43,v1,codex-cli,"[""E22"", ""E32"", ""O16"", ""O30"", ""O32""]",[],2026-04-12 20:10:43
84,Cyclical Persistence and the Cyclicality of R&D,Min Ouyang,report,9B583MBK,,http://ideas.repec.org/p/irv/wpaper/101104.html,Cyclicality of R&D,/Users/pedro/Documents/Projects/papers/cyclicality/references/Cyclical Persistence and the Cyclicality of R&D.pdf,"The report argues that the timing of innovation depends not only on the opportunity cost of R&D, as in Schumpeter’s recession-focused view, but also on the expected return to innovation. Ouyang introduces ""cyclical persistence"" as a mechanism through which more persistent output conditions raise the cyclical sensitivity of innovation returns, making R&D more likely to be pro-cyclical. A simple theoretical model and industry panel evidence are used to show that persistence helps explain why R&D cyclicality differs across industries.",{},"[""How exactly is cyclical persistence measured at the industry level, and how sensitive are the results to alternative persistence measures?"", ""What other industry characteristics, beyond persistence, may explain cross-industry differences in the cyclicality of R&D?"", ""To what extent does the model distinguish the expected-return channel from financing or adjustment-cost explanations for pro-cyclical R&D?""]",agree,0,,2026-04-12 20:10:50,v1,codex-cli,[],[],2026-04-12 20:10:50
47,DO BUSINESS CYCLES INFLUENCE LONG-RUN GROWTH? THE EFFECT OF AGGREGATE DEMAND ON FIRM- FINANCED R&D EXPENDITURES,", Matthew Rafferty",journalArticle,UNG3W7RF,,,Cyclicality of R&D,/Users/pedro/Documents/Projects/papers/cyclicality/references/The Effect of Aggregate Demand on Firm-Financed R&D Expenditures.pdf,"The paper argues that firm-financed R&D expenditures, used as a proxy for inventive activity, are procyclical over the 1957 to 1999 period. It further claims an asymmetry in which recessions reduce R&D by more than expansions increase it, implying a net negative effect of business cycles on private R&D. The paper cautiously infers that these cyclical reductions in R&D may also depress productivity growth and thus long-run economic growth.",{},"[""How strong is the evidence that recessionary declines in firm-financed R&D exceed expansionary gains across the full 1957 to 1999 sample?"", ""What causal channels link aggregate demand fluctuations to changes in firm-financed R&D expenditures?"", ""How directly does the paper connect reduced firm-financed R&D to slower productivity growth and long-run growth outcomes?""]",agree,0,,2026-04-12 20:06:44,v1,codex-cli,[],[],2026-04-12 20:06:44
154,"Debt , Liquidity Constraints , and Corporate Investment : Evidence from Panel Data",Liquidity Constraints,journalArticle,878Y5F5D,,,Cyclicality of R&D,/Users/pedro/Documents/Projects/papers/cyclicality/references/Debt Liquidity Constraints and Corporate Investment Evidence from Panel Data.pdf,"The paper argues that asymmetric information in debt markets restricts financially unhealthy firms' access to external finance and therefore affects the timing of their real investment. It tests this using an investment Euler equation and finds that adding a debt-constraint term substantially improves performance relative to the standard model. When firms are divided by financial distress measures, the standard Euler equation fits unconstrained firms but is rejected for distressed firms.",{},"[""Which specific measures of financial distress are used to classify firms as constrained or unconstrained?"", ""How large is the improvement in Euler equation performance when the debt-constraint term is included?"", ""What panel dataset, sample period, and industries underpin the empirical results?""]",agree,0,,2026-04-12 20:17:48,v1,codex-cli,[],"[""Debt"", ""Liquidity Constraints"", ""Corporate Investment""]",2026-04-12 20:17:48
173,Demand Pull and Technological Invention Schmookler Revisited,F. M. Scherer,preprint,59DSJJSK,,,Cyclicality of R&D,/Users/pedro/Documents/Projects/papers/cyclicality/references/Demand-Pull and Technological Invention Schmookler Revisited.pdf,"The text situates the paper in the 1950s-1960s wave of research on invention economics, motivated by recognition that technical change was central to industrialized nations' growth. It identifies Jacob Schmookler as an early leader who used patent statistics to argue that inventive activity responds to demand-pull forces. Scherer’s paper revisits this hypothesis using a newer and more comprehensive dataset, but the excerpt does not report the empirical results or methods.",{},"[""Does the expanded dataset confirm, weaken, or qualify Schmookler's original demand-pull finding?"", ""What specific measures of demand and inventive activity does the paper use in retesting the hypothesis?"", ""How does the paper address alternative explanations, such as autonomous technological opportunities or reverse causality between invention and demand?""]",agree,0,,2026-04-12 20:19:54,v1,codex-cli,[],[],2026-04-12 20:19:54
201,Demand Shocks and Firm Financed R&D Expenditures,"MATT HARRIS, MARK FUNK",preprint,K2CZNZBG,,,Cyclicality of R&D,/Users/pedro/Documents/Projects/papers/cyclicality/references/Demand Shocks and Firm-Financed R&D Expenditures.pdf,"The text argues that business cycles can influence firm-financed R&D through two opposing mechanisms. In recessions, lower cash flow may constrain internal funding and reduce R&D spending. At the same time, recessions may lower the opportunity cost of allocating funds to R&D, which could encourage firms to shift available resources toward innovation. The overall effect is therefore theoretically ambiguous and depends on which force dominates.",{},"[""Which effect dominates empirically during recessions: reduced cash flow constraints or lower opportunity costs of R&D investment?"", ""Do financially constrained firms cut R&D more sharply over the business cycle than less constrained firms?"", ""Are firms more likely to reallocate existing budgets toward R&D in downturns when external financing is limited?"", ""How do industry characteristics or firm size shape the cyclicality of firm-financed R&D expenditures?""]",agree,0,,2026-04-12 20:23:08,v1,codex-cli,[],[],2026-04-12 20:23:08
151,Demand and innovation : re-examined * Schmookler,"Alfred Kleinknecht, Bart Verspagen",journalArticle,ASLQK7P8,,,Cyclicality of R&D,/Users/pedro/Documents/Projects/papers/cyclicality/references/Demand and Innovation Re-Examined.pdf,"The paper re-examines Schmookler's demand-pull hypothesis that innovation is driven by market demand. The authors argue that Schmookler's original statistical analysis contains an inadequacy, and their alternative re-estimation produces somewhat smaller coefficients than the original results. They also conclude that the causal direction between demand and innovation is not clearly established from the evidence provided.",{},"[""What specific statistical inadequacy do the authors identify in Schmookler's original cross-section analysis?"", ""How much do the estimated demand-innovation relationships change under alternative re-estimation methods and data treatments?"", ""What empirical strategies could better identify the direction of causality between market demand and innovation?""]",agree,0,,2026-04-12 20:17:27,v1,codex-cli,[],"[""demand-pull"", ""innovation"", ""Schmookler""]",2026-04-12 20:17:27
85,Demand and innovation: Schmookler re-examined,"Alfred Kleinknecht, Bart Verspagen",journalArticle,E9BWW58P,10.1016/0048-7333(90)90022-x,http://ideas.repec.org/a/eee/respol/v19y1990i4p387-394.html,Cyclicality of R&D,,"No abstract or source excerpt is available for this item, so the paper's argument cannot be directly summarized from the provided text. Based on the title and existing snapshot, the article likely re-examines Schmookler's demand-pull view of innovation and assesses how strongly demand conditions explain inventive activity. This inference is tentative because the actual source text is missing.",{},"[""What data, periodization, and empirical methods do Kleinknecht and Verspagen use to re-examine Schmookler's demand-pull hypothesis?"", ""Do the authors conclude that demand primarily drives innovation, or do they find a substantial independent role for technology-push factors?"", ""How do the paper's results differ from Schmookler's original findings, and what explains any divergence?""]",agree,0,,2026-04-12 20:10:56,v1,codex-cli,,,2026-04-12 20:10:56
55,Demand shocks and firm-financed R&amp;D expenditures,"Matthew Rafferty, Funk * Mark",journalArticle,HRU8QS5S,10.1080/0003684042000217959,http://www.tandfonline.com/doi/abs/10.1080/0003684042000217959,Cyclicality of R&D,,,"{""dimension_i"":"""",""dimension_ii"":"""",""dimension_iii"":"""",""dimension_iv"":""""}",,,0,,,,,,,2026-04-09 22:02:44
86,Demand-Pull and Technological Invention: Schmookler Revisted,F M Scherer,journalArticle,SC2NJIB5,10.2307/2098216,http://www.jstor.org/stable/2098216,Cyclicality of R&D,references/Demand-Pull_and_Technological_Invention_Schmookler_Revisted.pdf,,"{""dimension_i"":"""",""dimension_ii"":"""",""dimension_iii"":"""",""dimension_iv"":""""}",,,0,,,,,,,2026-04-10 11:12:29
87,Do Business Cycles Cast Long Shadows? Short-Run Persistence and Economic Growth,Antonio Fatás,journalArticle,XXRMRLFE,10.1023/a:1009885203490,http://ideas.repec.org/a/kap/jecgro/v5y2000i2p147-62.html,Cyclicality of R&D,/Users/pedro/Documents/Projects/papers/cyclicality/references/Short-run Persistence and Economic Growth.pdf,"The article studies how short-run business cycle fluctuations may affect long-run economic growth within an endogenous growth model featuring aggregate demand externalities. In the model, aggregate demand and growth move together, so exogenous cyclical shocks can create persistent effects by influencing demand, profits, and technological progress. Using cross-country evidence, the paper finds that more persistent fluctuations are associated with lower or different long-term GDP growth outcomes, supporting the idea that business cycles can have lasting growth effects.",{},"[""How exactly does the paper operationalize and measure the persistence of fluctuations across countries?"", ""Does the empirical correlation remain robust after controlling for institutions, investment rates, and initial income levels?"", ""Which channel appears most important in transmitting cyclical shocks into long-run growth: aggregate demand, profits, or technological progress?"", ""Is the direction of the estimated relationship clearly causal, or could persistent low growth itself generate more persistent fluctuations?""]",agree,0,,2026-04-12 20:11:03,v1,codex-cli,"[""E3"", ""O4""]",[],2026-04-12 20:11:03
72,Do Financing Constraints Matter for R&D? New Tests and Evidence *,", James R. Brown, , Gustav Martinsson, , Bruce C. Petersen",journalArticle,GK2UTK57,,,Cyclicality of R&D,,"The paper argues that R&D should be especially vulnerable to financing frictions because of information problems and weak collateral value, but prior evidence has been mixed partly due to measurement issues. Using a large sample of European firms, the authors show that earlier studies likely understated financing constraints by ignoring firms' use of cash reserves to smooth R&D and their reliance on external equity finance. Once these channels are accounted for, R&D is much more sensitive to cash flow and stock issuance, supporting the view that financing constraints materially limit innovative investment. The findings also suggest that equity market development can stimulate growth by easing firm-level financing barriers to R&D.",{},"[""How do financing constraints on R&D vary across firm size, age, and industry within the European sample?"", ""To what extent do public subsidies or tax incentives offset the cash-flow and equity-financing constraints identified in the paper?"", ""Are the paper's results specific to European institutional settings, or do similar liquidity-smoothing and equity-financing mechanisms explain R&D behavior in other regions?""]",agree,0,,2026-04-12 20:09:25,v1,codex-cli,,,2026-04-12 20:09:25
14,Do Investment-Cash Flow Sensitivities Provide Useful Measures of Financing Constraints?,"Steven N Kaplan, Luigi Zingales",journalArticle,43ZZ4C2W,10.1162/003355397555163,http://qje.oxfordjournals.org/content/112/1/169.abstract,Cyclicality of R&D,/Users/pedro/Documents/Projects/papers/cyclicality/references/Do Investment-Cash Flow Sensitivities Provide Useful Measures of Financing Constraints.pdf,"Kaplan and Zingales reassess the claim that high investment-cash flow sensitivity indicates stronger financing constraints by examining firms previously identified as highly sensitive in the Fazzari, Hubbard, and Petersen framework. They find the opposite pattern: firms that appear less financially constrained have significantly higher investment-cash flow sensitivities than more constrained firms. This result holds across the full sample, subperiods, and individual years, leading them to argue that such sensitivities are not a reliable monotonic measure of financing constraints and that prior research using this proxy should be reconsidered.",{},"[""What alternative empirical indicators can more reliably measure financing constraints if investment-cash flow sensitivity is not monotonic?"", ""What mechanisms could explain why less financially constrained firms display higher investment-cash flow sensitivities than more constrained firms?"", ""How well do these findings generalize beyond the original Fazzari, Hubbard, and Petersen sample to other firms, industries, and time periods?""]",agree,0,,2026-04-12 20:02:34,v1,codex-cli,[],"[""investment"", ""cash flow"", ""financing constraints""]",2026-04-12 20:02:34
88,Do financing constraints matter for R&amp;D?,", James R. Brown, , Gustav Martinsson, , Bruce C. Petersen",journalArticle,82KR84CB,10.1016/j.euroecorev.2012.07.007,https://doi.org/10.1016/j.euroecorev.2012.07.007,Cyclicality of R&D,,"The paper examines whether financing constraints limit R&D among European firms, where prior evidence has been mixed despite R&D being especially vulnerable to information problems and weak collateral. The authors also find little effect in standard investment-cash flow regressions, but show that financing matters strongly once they control for firms smoothing R&D with cash reserves and using external equity. The study argues that endogenous liquidity management and access to equity finance are essential for identifying the true impact of financing constraints on innovative investment. It further suggests that stock market development can stimulate growth by expanding firms' ability to fund R&D.",{},"[""How does the importance of cash-reserve smoothing for R&D vary across firm size, age, and industry within Europe?"", ""Under what conditions does external equity substitute for internal liquidity versus complement it in financing R&D?"", ""How robust are the paper's results during periods of financial stress or stock market downturns?""]",agree,0,,2026-04-12 20:11:10,v1,codex-cli,,,2026-04-12 20:11:10
66,"Does cash flow cause investment and R&amp;D: an exploration using panel data for French, Japanes and United States scientific firms",", Bronwyn H. Hall, , Jacques Mairesse, , , Lee Branstetter, , Bruno Crépon",journalArticle,UF3U74U6,10.1920/wp.ifs.1998.9811,https://doi.org/10.1920/wp.ifs.1998.9811,Cyclicality of R&D,,"The paper examines whether cash flow and sales causally influence investment and R&D using panel VAR models for high-technology firms in the United States, France, and Japan. It finds that both investment and R&D are more sensitive to internal cash flow and sales in the United States than in France or Japan. The results also suggest stronger positive feedback from investment and R&D to subsequent cash flow and sales in the United States, while patterns in France and Japan are more mixed. Details on sample period and exact magnitudes are missing from the provided text, so conclusions should be interpreted cautiously.",{},"[""What specific institutional features in France and Japan reduce the sensitivity of investment and R&D to cash flow relative to the United States?"", ""How large are the estimated panel VAR effects for cash flow and sales on investment versus R&D in each country?"", ""Are the mixed feedback effects from investment and R&D to later cash flow and sales in France and Japan statistically weaker or simply less consistent across specifications?""]",agree,0,,2026-04-12 20:08:43,v1,codex-cli,,,2026-04-12 20:08:43
2,ENDOGENOUS GROWTH CYCLES*,Klaus Wälde,journalArticle,ITEN7PVV,10.1111/j.1468-2354.2005.00349.x,http://ideas.repec.org/a/ier/iecrev/v46y2005i3p867-894.html,Cyclicality of R&D,/Users/pedro/Documents/Projects/papers/cyclicality/references/Endogenous Growth Cycles.pdf,"The paper presents a stochastic Poisson model of endogenous growth cycles to explain why growing economies experience alternating periods of high and low growth. It analytically examines the determinants of cyclical R&D investment, motivated by the empirical controversy over predictions of countercyclical R&D. The model also derives an explicit expected cycle length, implying that high-frequency fluctuations can be captured in this framework, and argues that small technological improvements can generate large aggregate fluctuations.",{},"[""What precise conditions in the model make R&D investment countercyclical, procyclical, or acyclical?"", ""How robust is the model\u2019s expected cycle length to alternative parameter values or assumptions about innovation arrival rates?"", ""What mechanisms allow small technological improvements to produce large aggregate fluctuations in the model, and how empirically plausible are they?""]",agree,0,,2026-04-12 20:01:16,v1,codex-cli,"[""E32 Business Fluctuations, Cycles"", ""O41 One, Two, and Multisector Growth Models""]","[""Endogenous fluctuations and growth"", ""Continuous time uncertainty""]",2026-04-12 20:01:16
143,ENDOGENOUS MARKET STRUCTURES AND THE BUSINESS CYCLE *,"Federico Etro, Andrea Colciago",journalArticle,4UFP7IGX,10.1111/j.1468-0297.2010.02384.x.,https://doi.org/10.1111/j.1468-0297.2010.02384.x.,Cyclicality of R&D,/Users/pedro/Documents/Projects/papers/cyclicality/references/Endogenous Market Structures and the Business Cycle.pdf,"The paper studies how endogenous firm entry shapes market structure over the business cycle within a DSGE model under Bertrand and Cournot competition. It finds that short-run markups are countercyclical because cyclical entry changes the intensity of competition. In the long run, markups depend on structural factors including the discount factor, productivity, exit rates, and entry costs. It also highlights that Cournot competition can produce excessive entry and resulting dynamic inefficiency.",{},"[""How do the quantitative business-cycle effects differ between Bertrand and Cournot competition in the model's calibrated results?"", ""What mechanisms determine when entry responses are strong enough to make markups countercyclical rather than acyclical?"", ""Under what parameter values do discounting, productivity, exit, and entry costs have the largest effects on long-run markups?"", ""How large are the welfare losses from excessive entry under Cournot competition relative to the Bertrand benchmark?""]",agree,0,,2026-04-12 20:16:35,v1,codex-cli,[],[],2026-04-12 20:16:35
64,Economic Welfare and the Allocation of Resources for Invention,", Kenneth J. Arrow",journalArticle,TJG5ZQJ7,10.1007/978-1-349-15486-9_13,https://doi.org/10.1007/978-1-349-15486-9_13,Cyclicality of R&D,,"The excerpt defines invention broadly as the production of knowledge. It states that, from a welfare-economics perspective, the optimal allocation of resources to invention depends on two factors: the technological properties of the invention process and the structure of the market for knowledge. The passage is programmatic rather than argumentative, setting up the analytical framework rather than presenting full conclusions.",{},"[""What specific technological characteristics of the invention process does Arrow later identify as most important for welfare analysis?"", ""How does the paper characterize the market for knowledge, and what market failures emerge from that characterization?"", ""What criteria does the paper use to define an optimal allocation of resources for invention under welfare economics?""]",agree,0,,2026-04-12 20:08:29,v1,codex-cli,,,2026-04-12 20:08:29
130,Employment and hours over the business cycle,"Jang Ok Cho, Thomas F. Cooley",journalArticle,QQ7EWWNG,10.1016/0165-1889(94)90016-7,https://doi.org/10.1016/0165-1889(94)90016-7,Cyclicality of R&D,/Users/pedro/Documents/Projects/papers/cyclicality/references/Employment and Hours over the Business Cycle.pdf,"Cho and Cooley argue that cyclical fluctuations in total hours worked are driven mostly by changes in employment, with about one quarter due to changes in hours per worker and the rest due to participation or employment shifts. They position their contribution against real business cycle models that typically emphasize either continuous hours adjustment or indivisible-labor participation decisions alone. Their model allows agents to choose both participation and hours, and they report that a calibrated dynamic version better matches selected aggregate business-cycle patterns.",{},"[""Which specific aggregate labor market moments or business-cycle features does the hybrid participation-hours model improve relative to single-margin RBC models?"", ""How sensitive is the reported one-quarter versus three-quarter decomposition to the calibration choices and sample period used in the paper?"", ""Does the model's improved fit extend beyond aggregate hours and employment to wages, productivity, or unemployment-related dynamics?""]",agree,0,,2026-04-12 20:15:10,v1,codex-cli,"[""E32"", ""E24""]","[""Employment"", ""Business cycles""]",2026-04-12 20:15:10
122,"Endogenous Entry, Product Variety, and Business Cycles","Florin Bilbiie, Fabio Ghironi, Marc J Melitz",report,YC48RCNH,,http://ideas.repec.org/p/nbr/nberwo/13646.html,Cyclicality of R&D,/Users/pedro/Documents/Projects/papers/cyclicality/references/Endogenous Entry Product Variety and Business Cycles.pdf,"The paper develops a business-cycle framework in which the number of producers is endogenously determined through entry decisions. Because prospective entrants face irreversible sunk costs, expansions raise entry but the stock of producers adjusts sluggishly, creating an additional propagation mechanism for macroeconomic fluctuations. The stock-market value of new productive units links household saving, firm entry, and labor allocation, and the model matches standard business-cycle moments at least as well as benchmark RBC models. With physical capital included, it also reproduces observed GDP variance and autocorrelation while predicting procyclical producer counts and profits.",{},"[""How sensitive are the model's business-cycle dynamics to the size and irreversibility of sunk entry costs?"", ""What empirical evidence best distinguishes this endogenous-entry propagation mechanism from standard RBC propagation channels?"", ""How does the stock-market valuation channel quantitatively affect household saving and sectoral labor allocation over the cycle?"", ""What changes in the model's predictions when physical capital is included versus excluded?""]",agree,0,,2026-04-12 20:14:21,v1,codex-cli,[],"[""endogenous entry"", ""product variety"", ""business cycles""]",2026-04-12 20:14:21
198,Endogenous Fluctuations with Procyclical R&D,Shunsuke Shinagawa,preprint,2GBVWST8,,,Cyclicality of R&D,/Users/pedro/Documents/Projects/papers/cyclicality/references/Endogenous Fluctuations with Procyclical R&D.pdf,"This preprint argues that standard endogenous growth cycle models wrongly predict countercyclical R&D, a result at odds with empirical evidence. It modifies an R&D-based growth model by adding population growth and a negative externality on R&D productivity. The paper claims these additions are sufficient to generate procyclical R&D investment along sustained business cycles. It reports this result in both overlapping-generations and infinitely lived-agent frameworks.",{},"[""What specific negative externality on R&D productivity is modeled, and through what mechanism does it reverse the standard countercyclical prediction?"", ""How robust is the procyclical R&D result to alternative parameter values, especially the rate of population growth and the strength of the externality?"", ""Does the model quantitatively match observed business-cycle patterns in R&D investment, or does it establish only a qualitative result?"", ""How do the overlapping-generations and infinitely lived-agent versions differ in assumptions, dynamics, or policy implications?""]",agree,0,,2026-04-12 20:22:50,v1,codex-cli,"[""E32"", ""O11"", ""O41""]","[""R&D-based growth model"", ""Cyclical properties of R&D expenditure"", ""Endogenous fluctuations"", ""Semi-endogenous growth""]",2026-04-12 20:22:50
3,Endogenous Growth And Endogenous Business Cycles,"Lilia Maliar, Serguei Maliar",journalArticle,ZBFE92ZW,10.1017/s1365100504040064,http://ideas.repec.org/a/cup/macdyn/v8y2004i05p559-581_04.html,Cyclicality of R&D,/Users/pedro/Documents/Projects/papers/cyclicality/references/Endogenous Growth and Endogenous Business Cycles.pdf,"The paper proposes a computable general equilibrium model in which stochastic Schumpeterian innovation generates both long-run balanced growth and short-run business cycles. Growth comes from successive innovations that permanently improve production technology, while cycles emerge because innovations reallocate resources between production and R&D. The calibrated model yields implications similar to the Kydland-Prescott RBC framework and, under some parameter values, can also explain persistent output growth and asymmetric growth over the business cycle.",{},"[""Which parameter values allow the model to generate persistence in output growth and asymmetry over the business cycle?"", ""How exactly does the innovation-driven reallocation between production and R&D transmit into aggregate fluctuations?"", ""What empirical evidence is available to validate the assumption that each innovation permanently raises production technology?""]",agree,0,,2026-04-12 20:01:25,v1,codex-cli,"[""E13"", ""E22"", ""O41""]","[""Endogenous growth"", ""Endogenous business cycles"", ""Innovation"", ""R&D"", ""Technological progress"", ""RBC""]",2026-04-12 20:01:25
203,Endogenous Growth and Cycles,,preprint,PNEBV84M,,,Cyclicality of R&D,/Users/pedro/Documents/Projects/papers/cyclicality/references/Endogenous Growth and Cycles.pdf,,"{""dimension_i"":"""",""dimension_ii"":"""",""dimension_iii"":"""",""dimension_iv"":""""}",,,0,,,,,,,2026-04-12 18:49:20
57,Endogenous Growth and Poverty Traps in a Cournotian Model,"Jordi Gali, Fabrizio Zilibotti",journalArticle,MURNQ4T4,10.2307/20075986,https://ideas.repec.org/a/adr/anecst/y1995i37-38p197-213.html,Cyclicality of R&D,/Users/pedro/Documents/Projects/papers/cyclicality/references/Endogenous Growth and Poverty Traps in a Cournotian Model.pdf,"The paper studies how market power and demand elasticities that depend on the number of firms shape capital accumulation in a Cournotian setting. It argues that the equilibrium interest rate can rise as capital accumulates even when the marginal product of capital remains constant. Under standard assumptions, the model yields two steady states and a balanced growth path, allowing for multiple equilibrium trajectories from the same initial conditions. This mechanism is presented as a possible explanation for persistent divergence and poverty traps.",{},"[""What specific assumptions are required for the model to generate two steady states and a balanced growth path?"", ""Through what mechanism does capital accumulation increase the equilibrium interest rate despite a constant marginal product of capital?"", ""What empirical observations do the authors use to support the claim that multiple equilibrium paths fit real-world development patterns?""]",agree,0,,2026-04-12 20:07:29,v1,codex-cli,[],[],2026-04-12 20:07:29
21,Endogenous Technological Change,Paul M Romer,journalArticle,AA46P54S,10.1086/261725,https://doi.org/10.1086/261725,Cyclicality of R&D,,"Romer argues that long-run growth is generated endogenously through intentional investment in technological change by profit-maximizing agents. He characterizes technology as a nonrival, partially excludable input, which creates nonconvexities and makes monopolistic competition, rather than price-taking equilibrium, the relevant market structure. The excerpt’s main conclusions are that human capital drives growth, equilibrium allocates too little human capital to research, world-market integration raises growth, and population size by itself does not guarantee growth.",{},"[""What is the precise mechanism in the model through which the stock of human capital determines the long-run growth rate?"", ""Why does equilibrium allocate too little human capital to research, and what distortion or externality generates that result?"", ""Under what assumptions does integration into world markets increase growth rates in the model?"", ""What additional conditions, beyond large population size, are necessary for sustained growth according to the full paper?""]",agree,0,,2026-04-12 20:03:33,v1,codex-cli,,,2026-04-12 20:03:33
56,Endogenous business cycles and growth,Klaus Wälde,report,W5KTF4K5,,http://ideas.repec.org/p/mmf/mmfc03/109.html,Cyclicality of R&D,/Users/pedro/Documents/Projects/papers/cyclicality/references/Endogenous Business Cycles and Growth.pdf,"The paper presents a stochastic Poisson model in which endogenous business cycles and long-run growth are jointly determined, with particular attention to the cyclical behavior of R&D investment. It argues that standard explanations tend to predict countercyclical R&D, a prediction the author treats as empirically controversial. The model derives an explicit expected cycle length, suggesting it can account for relatively high-frequency fluctuations, and shows how small technological improvements can generate large aggregate fluctuations.",{},"[""Under what parameter conditions does the model generate procyclical versus countercyclical R&D investment?"", ""How empirically plausible is the model's implied cycle length relative to observed business-cycle frequencies?"", ""Through what mechanism do small technological improvements become amplified into large aggregate fluctuations in the model?"", ""How well do the model's predictions about R&D cyclicality match observed firm- or industry-level innovation behavior?""]",agree,0,,2026-04-12 20:07:22,v1,codex-cli,"[""E32"", ""O41""]","[""endogenous fluctuations and growth"", ""uncertainty under continuous time""]",2026-04-12 20:07:22
73,Endogenous financial constraints and innovation,", Henry Lahr, , Andrea Mina",journalArticle,6G855G42,10.1093/icc/dtaa035,https://doi.org/10.1093/icc/dtaa035,Cyclicality of R&D,,"This paper examines which aspects of firms’ innovation activities are linked to financial constraints and whether causality runs from innovation to constraints, from constraints to innovation, or both. Using simultaneous bivariate probit models on UK Innovation Survey data, it finds that R&D activity is associated with a higher likelihood of facing financial constraints, and that among innovation outputs only new-to-market products do so. The reverse effect of financial constraints on innovation is limited, appearing mainly in relation to external R&D.",{},"[""Why does external R&D appear more sensitive to financial constraints than other innovation activities?"", ""Do the financial constraints associated with new-to-market products vary by firm size, sector, or age?"", ""Are the observed links driven by lenders' risk perceptions, firms' internal cash flow limitations, or both?""]",agree,0,,2026-04-12 20:09:31,v1,codex-cli,,,2026-04-12 20:09:31
22,Endogenous growth and the procyclical behaviour of productivity,Charles R Bean,journalArticle,2HTPDAG2,10.1016/0014-2921(90)90108-b,https://doi.org/10.1016/0014-2921(90)90108-b,Cyclicality of R&D,/Users/pedro/Documents/Projects/papers/cyclicality/references/Endogenous Growth and the Procyclical Behaviour of Productivity.pdf,"The paper argues that productivity appears procyclical because when the marginal return to current goods production is high, resources shift away from human capital formation and other investment-like activities. This reallocation raises observed current productivity while reducing growth-oriented accumulation elsewhere. The framework is used to explain wartime productivity surges in the UK and the persistent effect of defense spending on total factor productivity growth.",{},"[""What precise channels in the model cause lower human capital formation during high-return production periods to increase measured productivity in the short run?"", ""How does the framework distinguish temporary wartime productivity surges from persistent changes in total factor productivity growth?"", ""Under what assumptions does defense spending generate lasting productivity effects rather than crowding out growth-enhancing investment?""]",agree,0,,2026-04-12 20:03:38,v1,codex-cli,"[""J23"", ""O33"", ""E24""]","[""endogenous growth"", ""procyclical behavior"", ""productivity""]",2026-04-12 20:03:38
127,Endogenous innovation and imitation in a model of equilibrium growth,Uwe Walz,journalArticle,UZ5N5H5L,10.1016/0176-2680(95)00028-3,https://doi.org/10.1016/0176-2680(95)00028-3,Cyclicality of R&D,/Users/pedro/Documents/Projects/papers/cyclicality/references/Endogenous Innovation and Imitation in a Model of Equilibrium Growth.pdf,"The paper develops an equilibrium growth model in which both innovation and imitation are endogenous R&D activities. Growth is driven by product innovation, with innovators initially earning monopoly profits, but imitators later invest to acquire production knowledge and enter, shifting markets toward oligopoly. The model yields a steady-state equilibrium with positive rates of both innovation and imitation and uses this framework to discuss the effects of industrial policy measures.",{},"[""Which industrial policy measures most strongly affect the steady-state rates of innovation and imitation in the model?"", ""How does the transition from monopoly to oligopoly alter firms' incentives to invest in R&D over time?"", ""What assumptions govern the profitability of imitation despite positive imitation costs and a single factor market?""]",agree,0,,2026-04-12 20:14:51,v1,codex-cli,,,2026-04-12 20:14:51
78,Equity financing and innovation: Is Europe different from the United States?,", Gustav Martinsson",journalArticle,FGXN8CX7,10.1016/j.jbankfin.2009.11.015,https://doi.org/10.1016/j.jbankfin.2009.11.015,Cyclicality of R&D,,"The paper investigates whether European high-tech firms' R&D spending, like that of US firms in the late 1990s, was sensitive to shifts in internal and external equity supply. Using dynamic R&D regressions for UK and Continental European firms, it finds that newly listed firms in both regions show significant cash-flow effects. However, only new UK firms exhibit a significant external equity effect, suggesting that market-based financial systems provide stronger equity-financing support for innovation than Continental Europe's more bank-based systems.",{},"[""What specific features of the UK's market-based financial system drive the stronger external equity effect for newly listed high-tech firms?"", ""Why do Continental European firms show cash-flow sensitivity but not comparable external equity sensitivity in R&D investment?"", ""How robust are these findings across different high-tech sectors and firm cohorts within Europe?"", ""Did later developments in European capital markets reduce the gap between the UK and Continental Europe in equity-financed innovation?""]",agree,0,,2026-04-12 20:10:07,v1,codex-cli,,,2026-04-12 20:10:07
200,Financial Constraints R&D Investment and Stock Returns,Dongmei Li,preprint,DMMHUXU7,,,Cyclicality of R&D,/Users/pedro/Documents/Projects/papers/cyclicality/references/Financial Constraints R&D Investment and Stock Returns.pdf,"The text argues that R&D investment is central to long-term economic growth and especially important because R&D-intensive firms make up a substantial portion of the U.S. stock market. It emphasizes that, unlike capital expenditures, R&D spending is relatively inflexible because it is often governed by scientific requirements or regulation. As a result, financing shortfalls can force firms to suspend projects, which may sharply reduce firm value by delaying resolution of technical uncertainty and increasing the risk of losing ground to competitors.",{},"[""How do financial constraints specifically affect the timing, continuation, or suspension of R&D projects across firms?"", ""What is the empirical relationship between R&D-related financing constraints and subsequent stock returns?"", ""Are the valuation effects of suspended R&D projects stronger in industries with faster innovation races or stricter regulatory testing requirements?""]",agree,0,,2026-04-12 20:23:02,v1,codex-cli,"[""G12"", ""G32"", ""O32""]",[],2026-04-12 20:23:02
1,Financial Constraints Risk,"Toni M Whited, Guojun Wu",journalArticle,WVAN8JCE,10.1093/rfs/hhj012,http://ideas.repec.org/a/oup/rfinst/v19y2006i2p531-559.html,Cyclicality of R&D,/Users/pedro/Documents/Projects/papers/cyclicality/references/Financial Constraints Risk.pdf,"The paper builds a firm-level index of external finance constraints using GMM estimation of an investment Euler equation. The authors argue this measure, unlike the KZ index, better matches firm characteristics typically associated with financing constraints. They find that returns of constrained firms co-move, consistent with a distinct financial-constraints factor, and that this factor has a positive but statistically insignificant average return. Cross-sectional tests indicate that more constrained firms earn higher returns, with the financial-constraints effect outweighing the traditional size effect.",{},"[""How sensitive is the proposed financial-constraints index to alternative model specifications, samples, and time periods?"", ""Why does the financial-constraints factor have a positive but statistically insignificant average return despite strong cross-sectional evidence that constrained firms earn higher returns?"", ""Which observable firm characteristics most strongly distinguish this index from the KZ index in classifying constrained firms?""]",agree,0,,2026-04-12 20:01:10,v1,codex-cli,[],[],2026-04-12 20:01:10
90,Financial Constraints and Stock Returns,"Owen Lamont, Christopher Polk, Jesus Saa-Requejo",journalArticle,3DLD768L,10.3386/w6210,http://ideas.repec.org/a/oup/rfinst/v14y2001i2p529-54.html,Cyclicality of R&D,/Users/pedro/Documents/Projects/papers/cyclicality/references/Financial Constraints and Stock Returns.pdf,"The paper tests whether financial constraints affect firm value in ways that are visible in stock returns by sorting firms using observable constraint-related characteristics and examining return co-movement. It finds that firms identified as financially constrained exhibit common variation in returns, consistent with exposure to shared shocks. In the 1968-1997 sample of growing manufacturing firms, constrained firms also have relatively low average stock returns. The authors do not find support for explanations based on monetary policy, credit conditions, or business-cycle variation.",{},"[""Which observable firm characteristics are used to classify firms as financially constrained, and how sensitive are the results to alternative measures?"", ""Why do financially constrained firms earn low average returns in this sample despite appearing to share common shocks?"", ""Would the same return co-movement and underperformance patterns hold outside growing manufacturing firms or outside the 1968-1997 period?""]",agree,0,,2026-04-12 20:11:23,v1,codex-cli,[],"[""financial constraints"", ""stock returns"", ""asset pricing""]",2026-04-12 20:11:23
91,Financial Constraints and the Cyclicality of R$\backslash$D Investment:Evidence from Slovenia,"Simona Bovha-Padilla, Joze P Damijan, Jozef Konings",report,WN26RCQJ,,http://ideas.repec.org/p/lic/licosd/23909.html,Cyclicality of R&D,,"Using firm-level data from Slovenia, the paper studies how R&D investment responds to sales shocks under different levels of financial constraint. It finds that financially constrained firms display procyclical R&D behavior: when sales growth falls, R&D investment also falls, because firms must preserve cash flow and borrowing capacity for short-term survival. By contrast, unconstrained firms show countercyclical R&D, increasing or maintaining innovation when sales weaken, consistent with Schumpeterian restructuring. The procyclical response is strongest among firms that are more financially dependent, including non-multinationals, firms without subsidies, and firms with less collateral.",{},"[""How are financial constraints operationalized and measured in the Slovenian firm-level data?"", ""What is the magnitude of the difference in R&D cyclicality between constrained and unconstrained firms?"", ""Do subsidies mitigate procyclical R&D cuts during negative sales shocks, and if so by how much?"", ""Are the observed effects robust across firm size, industry, and multinational status?""]",agree,0,,2026-04-12 20:11:30,v1,codex-cli,,,2026-04-12 20:11:30
189,Financial Constraints and the Cyclicality of R&D Investment Evidence from Slovenia,"Simona Bovha-Padilla, Joze P. Damijan, Jozef Konings",preprint,FWEMAHCM,,,Cyclicality of R&D,/Users/pedro/Documents/Projects/papers/cyclicality/references/Financial Constraints and the Cyclicality of R&D Investment Evidence from Slovenia.pdf,"The paper argues that firm-level R&D investment is sensitive to sales-growth shocks, especially for firms facing credit constraints. When a negative shock reduces sales, constrained firms must use cash flow and limited borrowing capacity to manage short-term liquidity needs. This weakens their ability to finance longer-term, intangible R&D projects, making R&D spending more procyclical in financially constrained firms.",{},"[""How does the paper operationally define and measure whether a firm is credit constrained?"", ""What firm-level data and time period from Slovenia are used to identify the effect of sales shocks on R&D investment?"", ""Does the analysis distinguish between temporary liquidity shocks and more persistent declines in firm performance?"", ""How large is the estimated differential impact of negative sales shocks on R&D for constrained versus unconstrained firms?""]",agree,0,,2026-04-12 20:21:57,v1,codex-cli,[],"[""R&D investment"", ""financial constraints"", ""cyclicality""]",2026-04-12 20:21:57
44,Financial Constraints and the Cyclicality of R&amp;D Investment: Evidence from Slovenia,", , Simona Bovha-Padilla, , , Joze P. Damijan, , Jozef Konings",journalArticle,7565FR3D,10.2139/ssrn.1414262,https://doi.org/10.2139/ssrn.1414262,Cyclicality of R&D,,"The paper uses firm-level data from Slovenia to examine how R&D investment responds to sales-growth shocks under different financing conditions. It argues that negative sales shocks tighten liquidity and borrowing capacity for credit-constrained firms, making it harder to sustain long-term intangible R&D spending. Empirically, financially constrained firms show procyclical R&D, while unconstrained firms show countercyclical R&D consistent with Schumpeterian restructuring. The relationship is stronger among firms that are more financially dependent, including those outside multinationals, without subsidies, or with less collateral.",{},"[""How exactly are financial constraints identified or measured, and would the results hold under alternative constraint measures?"", ""What is the magnitude of the independent effects of multinational affiliation, subsidies, and collateral on firms' R&D sensitivity to sales shocks?"", ""Do procyclical R&D cuts among constrained firms translate into longer-run differences in innovation output, productivity, or survival?"", ""Is the Slovenian evidence generalizable to other transition or small open economies with different financial systems?""]",agree,0,,2026-04-12 20:06:07,v1,codex-cli,,,2026-04-12 20:06:07
180,Financial Dependence and Growth,"Raghuram G. Rajan, Luigi Zingales",preprint,SQXSZNUK,,,Cyclicality of R&D,/Users/pedro/Documents/Projects/papers/cyclicality/references/Financial Dependence and Growth.pdf,"The paper tests a specific mechanism linking financial development to economic growth: better financial markets lower firms' costs of obtaining external finance. It examines whether industries that rely more heavily on external finance grow faster in countries with more developed financial systems. Using a large cross-country sample from the 1980s, the authors report evidence consistent with this pattern.",{},"[""How is an industry's dependence on external finance measured, and how stable is that measure across countries and time?"", ""Which aspects of financial development matter most for the observed growth effect: banking depth, capital markets, or broader institutional quality?"", ""To what extent does the paper address alternative explanations, such as omitted country characteristics or reverse causality between growth and financial development?""]",agree,0,,2026-04-12 20:20:44,v1,codex-cli,"[""JEL 04"", ""F3"", ""G1""]",[],2026-04-12 20:20:44
12,Financial Innovation in the UK,"Shelagh A Heffernan, Xiaolan Fu, Xiaoqing Fu",report,EE7KD6MN,,http://papers.ssrn.com/sol3/papers.cfm?abstract_id=1266125,Cyclicality of R&D,/Users/pedro/Documents/Projects/papers/cyclicality/references/Financial Innovation in the UK.pdf,"This report uses a national survey of more than 1,100 British financial firms and applies Logit and generalized Tobit models to examine both the drivers of financial innovation and the sales success of those innovations. It finds that innovation is more likely in larger firms with better-educated employees, higher R&D spending, greater availability of finance, and stronger inter-firm cooperation. Innovation sales success, measured by the share of innovations sold, is mainly associated with R&D, cooperation, and appropriability. The report also identifies regional and sectoral differences, with London/the South and Scotland performing relatively strongly, and stock broking and fund management appearing more innovative than financial intermediation and pension/insurance.",{},"[""How is 'availability of finance' measured in the survey, and how large is its effect relative to firm size, employee education, and R&D expenditure?"", ""How is 'appropriability' operationalized, and does it affect only innovation sales success or also the likelihood of innovating?"", ""What factors explain the stronger innovation performance in London/the South and Scotland compared with other UK regions?"", ""Why are stock broking and fund management firms more innovative than firms in financial intermediation and pension/insurance?""]",agree,0,,2026-04-12 20:02:28,v1,codex-cli,"[""G1"", ""G19"", ""G21"", ""G22"", ""G23""]","[""Determinants/Success of financial innovation; ISCORE; UK financial sector""]",2026-04-12 20:02:28
166,"Financial constraints, asset tangibility, and corporate investment","Heitor Almeida, Murillo Campello",journalArticle,Y5VQP4AI,10.1093/rfs/hhm019,http://rfs.oxfordjournals.org/cgi/doi/10.1093/rfs/hhm019,Cyclicality of R&D,/Users/pedro/Documents/Projects/papers/cyclicality/references/Financial Constraints Asset Tangibility and Corporate Investment.pdf,"The paper argues that pledgeable, tangible assets create a credit multiplier: firms can borrow against such assets and use that borrowing to invest further. It predicts that investment-cash flow sensitivity rises with asset tangibility only for financially constrained firms. The reported empirical evidence supports this prediction, suggesting that financing frictions materially affect corporate investment. The authors also argue that this strategy avoids the Kaplan-Zingales critique and reduces concerns about unobserved investment opportunities.",{},"[""How do the authors operationalize financial constraints and asset tangibility in the empirical tests, and how sensitive are the results to those measures?"", ""What types of firms or industries exhibit the strongest credit multiplier effects, and are there important exceptions?"", ""To what extent does the identification strategy fully rule out alternative explanations related to demand shocks or investment opportunities?""]",agree,0,,2026-04-12 20:19:05,v1,codex-cli,"[""G31""]",[],2026-04-12 20:19:05
132,Financially Constrained Stock Returns,"Dmitry Livdan, Horacio Sapriza, Lu Zhang",journalArticle,EX58R2L2,10.3386/w12555,https://doi.org/10.3386/w12555,Cyclicality of R&D,/Users/pedro/Documents/Projects/papers/cyclicality/references/Financially Constrained Stock Returns.pdf,"The paper argues that financially constrained firms are riskier and therefore earn higher expected stock returns than less constrained firms, although this return effect can be absorbed by size and book-to-market factors. It attributes the mechanism to the stochastic discount factor making investment more procyclical, so financing constraints bind more tightly during economic booms. The argument is developed through two dynamic models: one with dividend nonnegativity and no external finance, and another with retained earnings, debt and equity issuance, and collateral-constrained borrowing.",{},"[""How strongly do the paper's predicted return premia survive after fully controlling for size and book-to-market in different samples?"", ""What empirical evidence supports the claim that financial constraints bind more tightly in booms rather than recessions?"", ""How sensitive are the model results to the specific form of financing frictions, such as dividend constraints versus collateral constraints?""]",agree,0,,2026-04-12 20:15:22,v1,codex-cli,"[""G12"", ""G31"", ""G32""]",[],2026-04-12 20:15:22
45,Financing Constraints and Corporate Investment,", Steven M. Fazzari, , R. Glenn Hubbard, , Bruce C. Petersen",journalArticle,X7VN3W9S,10.3386/w2387,https://doi.org/10.3386/w2387,Cyclicality of R&D,,"The paper argues that investment models relying only on market-based measures like q are incomplete when firms face capital-market imperfections. It proposes an augmented q-theory in which financing hierarchies make internal cash flow especially important for firms with limited access to external finance. Using panel data on manufacturing firms, the authors find that rapidly growing no-dividend firms maintain higher q values and exhibit greater investment sensitivity to cash flow than mature dividend-paying firms. These patterns are interpreted as evidence of financing constraints and excess sensitivity of investment to internal funds.",{},"[""How do the authors classify firms as financially constrained beyond the distinction between no-dividend and mature dividend-paying firms?"", ""How do the empirical tests address alternative explanations for cash-flow sensitivity, such as mismeasured q or unobserved investment opportunities?"", ""What specific policy implications do the authors draw from the evidence on financing constraints and investment behavior?""]",agree,0,,2026-04-12 20:06:14,v1,codex-cli,,,2026-04-12 20:06:14
174,Financing Innovation and Growth Cash Flow External Equity and the 1990s R&D Boom,"JAMES R. BROWN, STEVEN M. FAZZARI, AND BRUCE C. PETERSEN*",preprint,4G2EB52I,,,Cyclicality of R&D,/Users/pedro/Documents/Projects/papers/cyclicality/references/Financing Innovation and Growth Cash Flow External Equity and the 1990s R&D Boom.pdf,"The paper examines whether financing conditions materially affect aggregate R&D by focusing on U.S. high-tech firms. It argues that R&D depends on volatile internal cash flow and stock issuance, and estimates dynamic R&D models showing that these financing variables significantly affect young firms but not mature firms. The authors conclude that shifts in finance supply were large enough to explain most of the 1990s R&D boom, implying a meaningful link between finance, innovation, and economic growth.",{},"[""How are 'young' and 'mature' firms defined empirically, and how sensitive are the results to alternative age or lifecycle thresholds?"", ""To what extent do the estimated finance effects on young firms' R&D persist outside the 1990s high-tech boom period?"", ""Do increases in R&D driven by cash flow and equity issuance lead to measurable long-run innovation outputs such as patents, productivity growth, or firm survival?"", ""How much of the aggregate R&D boom reflects broad financing access for young firms versus a small number of high-growth firms issuing substantial equity?""]",agree,0,,2026-04-12 20:20:02,v1,codex-cli,[],[],2026-04-12 20:20:02
13,"Financing Innovation and Growth: Cash Flow, External Equity, and the 1990s R&amp;D Boom","James R Brown, Steven M Fazzari, Bruce C Petersen",journalArticle,A9R3BF54,10.1111/j.1540-6261.2008.01431.x,http://dx.doi.org/10.1111/j.1540-6261.2008.01431.x,Cyclicality of R&D,,,"{""dimension_i"":"""",""dimension_ii"":"""",""dimension_iii"":"""",""dimension_iv"":""""}",,,0,,,,,,,2026-04-10 11:12:29
184,Firm Characteristics and the Cyclicality of R&D Investments,"Spyros Arvanitis, Martin Woerter",preprint,TBJE7NSD,,,Cyclicality of R&D,/Users/pedro/Documents/Projects/papers/cyclicality/references/Firm Characteristics and the Cyclicality of R&D Investments.pdf,"The study links firm-level behavior with broader business-cycle conditions to explain why firms exhibit procyclical, anti-cyclical, or non-systematic R&D investment patterns. It reports empirical support for its hypotheses and indicates that distinct firm and market profiles can be identified for each type of R&D behavior. The source text does not specify the sample, methods, or the exact characteristics associated with each profile, so those details remain unclear.",{},"[""Which specific firm characteristics distinguish procyclical, anti-cyclical, and non-systematic R&D investors?"", ""What market conditions are most strongly associated with each type of R&D investment behavior across the business cycle?"", ""What empirical strategy, dataset, and time period does the study use to test its hypotheses?"", ""How robust are the identified R&D behavior profiles across industries, firm sizes, and economic downturns?""]",agree,0,,2026-04-12 20:21:12,v1,codex-cli,"[""O3""]","[""R&D"", ""anti-cyclical behavior"", ""pro-cyclical behavior""]",2026-04-12 20:21:12
170,Firm Dynamics in News Driven Business Cycle: The Role of Endogenous Survival Rate,"Haichao Xu, Zhiwei & Fan",journalArticle,VSTWU2ZU,,,Cyclicality of R&D,/Users/pedro/Documents/Projects/papers/cyclicality/references/Firm Dynamics in News Driven Business Cycle The Role of Endogenous Survival Rate.pdf,The source text reports that a structural VAR finds U.S. new business formation rises together with standard aggregate variables after a favorable anticipated technology shock. It also says that adding firm dynamics to the Jaimovich-Rebelo model does not match this evidence and instead predicts a recession. The authors argue that introducing an endogenous survival rate for new entrants resolves this mismatch and restores a boom-consistent response.,{},"[""How is the endogenous survival rate of new entrants modeled and identified within the framework?"", ""What specific aggregate variables are included in the positive comovement pattern following anticipated technology shocks?"", ""How large is the gap between the baseline firm-dynamics model predictions and the empirical VAR evidence?"", ""What mechanisms cause endogenous entrant survival to overturn the recessionary prediction and generate a boom instead?""]",agree,0,,2026-04-12 20:19:34,v1,codex-cli,"[""E22"", ""E32""]","[""Firm Dynamics"", ""Aggregate Comovement"", ""Expectation Driven Business Cycle"", ""News Shocks""]",2026-04-12 20:19:34
15,"Firm Level Productivity, Risk, and Return","Ayse Imrohoroglu, Selale Tuzel",journalArticle,CDVHX97R,10.2139/ssrn.1770264,http://papers.ssrn.com/sol3/papers.cfm?abstract_id=1770264 http://ideas.repec.org/p/red/sed011/21.html,Cyclicality of R&D,/Users/pedro/Documents/Projects/papers/cyclicality/references/Firm Level Productivity Risk and Return.pdf,"The paper links firm-level total factor productivity (TFP) to multiple firm characteristics that are known to forecast stock returns, including size, book-to-market, investment, and hiring. It reports that higher TFP is associated with higher contemporaneous stock returns but lower future excess returns and lower ex-ante discount rates. Low-productivity firms earn roughly a 6% annual return premium over high-productivity firms in the following year, and this premium is countercyclical. The authors interpret this spread as compensation for higher risk among low-productivity firms and argue that a production-based asset pricing model with aggregate and idiosyncratic shocks explains most of these patterns.",{},"[""How is firm-level TFP constructed empirically, and how sensitive are the results to alternative productivity estimation methods?"", ""What specific risk channels make low-productivity firms riskier and therefore associated with higher subsequent return premia?"", ""How stable is the reported 6% annual premium across industries, firm characteristics, and different sample periods or business-cycle states?""]",agree,0,,2026-04-12 20:02:45,v1,codex-cli,"[""D2"", ""E23"", ""E32"", ""E44"", ""G12""]","[""Firm Level Productivity"", ""Cross Section of Returns""]",2026-04-12 20:02:45
46,Firm characteristics and the cyclicality of R&amp;D investments,", Spyros Arvanitis, Martin Wörter, , Martin Woerter",journalArticle,2QVPW62I,10.1093/icc/dtt013,https://doi.org/10.1093/icc/dtt013,Cyclicality of R&D,,"The study links firm-level behavior with broader business-cycle conditions to explain why firms show pro-cyclical, anti-cyclical, or non-systematic R&D investment patterns. It highlights market conditions such as price competition and firm characteristics such as the type of R&D partners as key differentiators. The reported empirical results largely support the authors’ hypotheses and suggest that firms can be grouped into profiles corresponding to these three R&D behavior types. Specific methods, sample details, and effect sizes are not provided in the excerpt, so interpretation should remain cautious.",{},"[""Which firm characteristics most clearly distinguish firms with pro-cyclical, anti-cyclical, and non-systematic R&D behavior?"", ""How does price competition influence whether firms cut, maintain, or expand R&D over the business cycle?"", ""What types of R&D partners are associated with more resilient or counter-cyclical R&D investment behavior?"", ""What empirical sample and research design were used to test and validate the proposed firm profiles?""]",agree,0,,2026-04-12 20:06:38,v1,codex-cli,,,2026-04-12 20:06:38
16,"Firm dynamics, markup variations, and the business cycle","Nir Jaimovich, Max Floetotto",journalArticle,8KBNSPTF,10.1016/j.jmoneco.2008.08.008,http://econpapers.repec.org/RePEc:eee:moneco:v:55:y:2008:i:7:p:1238-1252 http://linkinghub.elsevier.com/retrieve/pii/S0304393208001207,Cyclicality of R&D,/Users/pedro/Documents/Projects/papers/cyclicality/references/Firm Dynamics Markup Variations and the Business Cycle.pdf,"The paper presents a model where net business formation is endogenously procyclical, causing the number of operating firms to vary over the business cycle. These firm dynamics generate countercyclical markups and, in turn, endogenous procyclical movements in measured total factor productivity (TFP). Using a structural decomposition, the authors argue that about 40% of measured TFP fluctuations arise from the interaction of firm entry and exit with competition, and they discuss implications for measuring exogenous shock volatility and shock amplification in the U.S. economy.",{},"[""How robust is the estimate that roughly 40% of measured TFP movements come from endogenous firm entry, exit, and competition effects?"", ""What assumptions about market structure and competition are most important for generating the model's countercyclical markup variation?"", ""How does the proposed decomposition change empirical estimates of exogenous shock volatility in the U.S. economy?"", ""What evidence would distinguish TFP movements driven by exogenous shocks from those driven by endogenous firm dynamics in the data?""]",agree,0,,2026-04-12 20:02:51,v1,codex-cli,"[""E32"", ""L11"", ""L16""]","[""Productivity"", ""Business cycles"", ""Firm dynamics"", ""Markups""]",2026-04-12 20:02:51
6,Growth Cycles,"Geroge W Evans, Seppo Honkapohja, Paul Romer",journalArticle,FCMTIDIF,10.3386/w5659,http://ideas.repec.org/a/aea/aecrev/v88y1998i3p495-515.html,Cyclicality of R&D,/Users/pedro/Documents/Projects/papers/cyclicality/references/Growth Cycles with Induced Technical Change.pdf,"Evans, Honkapohja, and Romer develop a rational expectations model where the economy can switch stochastically between low-growth and high-growth phases. Expectations are self-fulfilling: pessimistic expectations reduce investment and returns, while optimistic expectations raise both and generate faster growth. The mechanism depends on monopolistic competition and complementarities across capital goods, not on externalities or increasing returns to scale. They also report that the growth-cycle equilibrium is stable under a simple learning rule.",{},"[""How sensitive are the stochastic transitions between low- and high-growth regimes to the specific learning rule used by agents?"", ""What empirical evidence could distinguish expectation-driven growth cycles from growth fluctuations caused by externalities or increasing returns?"", ""How robust is the expectational indeterminacy result to alternative forms of market structure beyond monopolistic competition?"", ""What kinds of complementarities among capital goods are necessary for persistent growth cycles to emerge?""]",agree,0,,2026-04-12 20:01:45,v1,codex-cli,[],"[""growth cycles"", ""induced technical change"", ""endogenous growth""]",2026-04-12 20:01:45
168,HETEROGENEOUS BANKS AND TECHNICAL CHANGE IN AN EVOLUTIONARY Heterogenous Banks and Technical Change in an Evolutionary Model of Endogenous Growth and Fluctuations,"Giovanni Dosi, Giorgio Fagiolo, Andrea Roventini, Tania Treibich",journalArticle,A2WN2R2L,,,Cyclicality of R&D,/Users/pedro/Documents/Projects/papers/cyclicality/references/Heterogeneous Banks and Technical Change in an Evolutionary Model of Endogenous Growth and Fluctuations.pdf,"This paper uses an evolutionary agent-based model to study how financial conditions transmit into economy-wide real dynamics. It extends the 2010 Dosi-Fagiolo-Roventini framework by adding an imperfect credit market with heterogeneous banks and boundedly rational agents. The core focus is how different bank-firm relationships shape firm selection, industrial dynamics, and business cycle fluctuations. Specific quantitative findings are not provided in the source text, so conclusions about results should remain cautious.",{},"[""How do differences across banks in credit supply and behavior alter firm selection and industry concentration over time?"", ""Through what mechanisms do bank-firm relationships amplify or dampen business cycle fluctuations in the model?"", ""Does the introduction of heterogeneous banks materially change long-run innovation and growth outcomes relative to the 2010 baseline model?"", ""What specific assumptions about bounded rationality and credit market imperfections drive the model's main results?""]",agree,0,,2026-04-12 20:19:19,v1,codex-cli,"[""E32"", ""G21"", ""O30""]","[""Endogenous Growth"", ""Business Cycles"", ""Evolutionary Economics"", ""Agent-Based Computational Economics"", ""Empirical Validation"", ""Monte-Carlo Simulations"", ""Financial Constraints"", ""Heterogeneous Banks""]",2026-04-12 20:19:19
63,"Handbook of The Economics of Innovation, Vol. 1",", Bronwyn H. Hall, , Nathan Rosenberg",journalArticle,HZBXX9AP,10.1016/c2009-0-06333-8,https://doi.org/10.1016/c2009-0-06333-8,Cyclicality of R&D,,"This source describes a handbook on the economics of innovation that surveys how technological change originates, how it is commercialized, and how it diffuses. It also reviews literature on property rights, patents, and industry-specific applications, while pointing to promising future research directions. The excerpt is brief, so details about arguments, evidence, and scope beyond these themes are not provided.",{},"[""Which industries or sectors are emphasized in the handbook's treatment of innovation and diffusion?"", ""How does the volume connect property rights and patent systems to the commercialization of technological change?"", ""What specific future research directions does the handbook identify as especially fruitful?""]",agree,0,,2026-04-12 20:08:23,v1,codex-cli,,,2026-04-12 20:08:23
164,"House Prices, Collateral and Self-Employment",Manuel Adelino,journalArticle,C7XF6LIF,10.3386/w18868,https://doi.org/10.3386/w18868,Cyclicality of R&D,/Users/pedro/Documents/Projects/papers/cyclicality/references/House Prices Collateral and Self-Employment.pdf,"The paper examines how rising house prices from 2002 to 2007 eased collateral constraints and supported small business formation and self-employment before the 2008 financial crisis. It finds that areas with larger housing price increases saw stronger employment growth in small businesses relative to large firms within the same industries. The effect is especially pronounced in low-startup-capital industries and in manufacturing, which the author interprets as evidence for a collateral-based credit channel rather than purely local demand.",{},"[""Do the small-business and self-employment gains linked to housing collateral persist after house prices decline or credit conditions tighten?"", ""To what extent are these effects concentrated among existing homeowners rather than non-homeowners or renters?"", ""How much of the observed small-business employment growth reflects durable firm creation versus short-lived entry?"", ""Could similar entrepreneurial expansion be achieved through targeted credit policies without relying on housing booms?""]",agree,0,,2026-04-12 20:18:52,v1,codex-cli,"[""E24"", ""G01"", ""G30""]",[],2026-04-12 20:18:52
25,"House Prices, Home Equity Borrowing, and Entrepreneurship","Manuel Adelino, Antoinette Schoar, Felipe Severino",journalArticle,997R7AQL,10.1093/rfs/hhv020,http://www.sciencedirect.com/science/article/pii/S0304405X1500029X,Cyclicality of R&D,,"The paper argues that rising house prices boosted small business employment through a collateral lending channel tied to home equity. Small firms in locations with larger house price increases grew employment faster than large firms in the same areas and industries, and the effect is strongest in industries with low start-up capital needs and greater reliance on housing collateral. The pattern also appears in manufacturing, especially among firms shipping goods long distances, which supports an interpretation beyond purely local demand effects. The authors estimate that this channel accounts for roughly 15-25% of aggregate employment variation.",{},"[""How exactly do the authors operationalize and measure an industry's dependence on housing collateral?"", ""What empirical tests do they use to distinguish the collateral lending channel from local demand or wealth effects?"", ""Do the results primarily reflect new business formation, expansion of existing small firms, or both?"", ""How sensitive is the 15-25% aggregate employment estimate to alternative model specifications or sample definitions?""]",agree,0,,2026-04-12 20:03:59,v1,codex-cli,,,2026-04-12 20:03:59
178,"How Do Demand Fluctuations and Credit Constraints Affect R&D Evidence from Central, Southern and Eastern Europe","Kadri Männasoo, Jaanika Meriküll",preprint,BIWU5J44,,,Cyclicality of R&D,"/Users/pedro/Documents/Projects/papers/cyclicality/references/How Do Demand Fluctuations and Credit Constraints Affect R&D Evidence from Central, Southern and Eastern Europe.pdf","This preprint examines how demand fluctuations and credit constraints affect firm-level R&D in 10 newer EU member states in Central, Southern, and Eastern Europe. It finds overall evidence consistent with the opportunity cost view, meaning R&D can move countercyclically relative to short-term investment when demand weakens. The relationship is not uniform across countries: OECD membership, used as a proxy for national advancement, appears to condition how demand conditions and financing constraints shape R&D behavior.",{},"[""How exactly do credit constraints interact with falling demand to increase or suppress firm R&D across different CSEE countries?"", ""Which mechanisms associated with OECD membership best explain the cross-country heterogeneity in R&D responses: financial development, institutional quality, or industrial structure?"", ""Does the paper distinguish whether countercyclical R&D responses are driven by reduced short-term investment opportunities or by strategic long-run innovation planning?"", ""What firm characteristics, such as size, sector, or export orientation, moderate the effects of demand fluctuations and credit constraints on R&D?""]",agree,0,,2026-04-12 20:20:32,v1,codex-cli,"[""G31"", ""E32"", ""O30"", ""O52""]","[""R&D cyclicality; demand shocks; credit constraints""]",2026-04-12 20:20:32
28,How Does Probability of Innovation Change with Firm Age?,"Elena Huergo, Jordi Jaumandreu",journalArticle,X9URW93T,10.1023/b:sbej.0000022220.07366.b5,http://ideas.repec.org/a/kap/sbusec/v22y2004i3_4p193-207.html,Cyclicality of R&D,/Users/pedro/Documents/Projects/papers/cyclicality/references/How Does Probability of Innovation Change with Firm Age.pdf,"The paper analyzes how the likelihood of introducing innovations changes across the life cycle of manufacturing firms, controlling for differences in industry activity and firm size. It finds that innovation probabilities vary substantially across activities and that smaller firms are generally less likely to innovate. Entrants show the highest probability of innovation, the oldest firms show lower probabilities, and some intermediate-age firms also remain relatively innovation-active. Firms nearing exit are especially associated with lower rates of process innovation.",{},"[""Which intermediate-age firm groups maintain relatively high innovation probabilities, and what distinguishes them from other firms of similar age?"", ""To what extent does the lower innovation probability of older firms reflect aging effects versus survival and selection dynamics?"", ""Why is pre-exit weakness especially pronounced for process innovation rather than for other forms of innovation?""]",agree,0,,2026-04-12 20:04:20,v1,codex-cli,[],[],2026-04-12 20:04:20
8,"How do demand fluctations and credit constraints affect R&D? Evidence from Central, Southern and Eastern Europe","Kadri Männasoo, Jaanika Meriküll",report,JM49YXD8,,http://ideas.repec.org/p/eea/boewps/wp2011-09.html,Cyclicality of R&D,,"This report examines how demand fluctuations and credit constraints affect firms' R&D activity in ten new EU member states in Central, Southern, and Eastern Europe. It finds evidence of counter-cyclical R&D behavior, with the pattern stronger in less-developed non-OECD CSEE countries and present but weaker in more advanced OECD-CSEE countries. The source also indicates that credit constraints have little observable adverse effect on firms' engagement in R&D, though details on measurement and mechanisms are not provided in the excerpt.",{},"[""What specific indicators are used to measure demand fluctuations and firms' engagement in R&D in the report?"", ""What mechanisms explain why counter-cyclical R&D behavior is stronger in non-OECD CSEE countries than in OECD-CSEE countries?"", ""Why do credit constraints appear to have little adverse effect on R&D engagement in these CSEE economies?"", ""Does the report distinguish between the decision to conduct R&D and the level or intensity of R&D spending?""]",agree,0,,2026-04-12 20:01:59,v1,codex-cli,,,2026-04-12 20:01:59
150,How to Do xtabond2 : An Introduction to “ Difference ” and “ System ” GMM in Stata 1,By David Roodman,journalArticle,NG5Z3I3C,,,Cyclicality of R&D,/Users/pedro/Documents/Projects/papers/cyclicality/references/How to do xtabond2 An introduction to difference and system GMM in Stata.pdf,"This article introduces the difference and system GMM estimators for panel-data settings with many units and few time periods. It explains that these methods are suited to linear dynamic models with fixed effects, non-strictly exogenous regressors, and within-unit heteroskedasticity or autocorrelation. The paper also provides practical guidance for implementing these estimators in Stata using xtabond2 and discusses the Arellano-Bond autocorrelation test.",{},"[""What practical criteria should guide the choice between difference GMM and system GMM in applied panel-data research?"", ""How does xtabond2 operationalize instrument selection and what are the risks of instrument proliferation in small-T, large-N panels?"", ""Under what data conditions do the Arellano-Bond autocorrelation test results meaningfully support the validity of a GMM specification?""]",agree,0,,2026-04-12 20:17:21,v1,codex-cli,[],"[""st0159"", ""xtabond2"", ""generalized method of moments"", ""GMM"", ""Arellano\u2013Bond test"", ""abar""]",2026-04-12 20:17:21
125,INNOVATION AND IMITATION IN AN INFORMATION AGE,Thomas F Cooley,journalArticle,72GD6LNL,10.1162/154247603322391044,https://doi.org/10.1162/154247603322391044,Cyclicality of R&D,/Users/pedro/Documents/Projects/papers/cyclicality/references/Innovation and Imitation in an Information Age.pdf,"The source text describes a model of innovation and imitation designed to capture key features of the information age. In the model, both innovation and imitation are costly, and those costs depend on the type or informational content of the good. The main finding is that high-information and low-information goods exhibit materially different behavioral patterns, with consequences for industry structure and long-run evolution. The excerpt does not provide detailed mechanisms, empirical evidence, or specific policy implications.",{},"[""What specific cost differences characterize innovation and imitation for high-information versus low-information goods in the model?"", ""Through what mechanisms do these cost differences translate into distinct industry structures and evolutionary paths?"", ""Does the paper derive testable predictions about firm entry, concentration, or market power across goods with different information content?"", ""What empirical settings or industries, if any, does the paper use to illustrate or validate the model's implications?""]",agree,0,,2026-04-12 20:14:39,v1,codex-cli,"[""O31"", ""L16""]",[],2026-04-12 20:14:39
29,Imitation Costs and Patents: An Empirical Study,"Edwin Mansfield, Mark Schwartz, Samuel Wagner",journalArticle,749I7UKT,10.2307/2232499,http://ideas.repec.org/a/ecj/econjl/v91y1981i364p907-18.html,Cyclicality of R&D,/Users/pedro/Documents/Projects/papers/cyclicality/references/Imitation Costs and Patents An Empirical Study.pdf,"No abstract or source text is available for this item, so the paper’s argument, methods, and findings cannot be directly summarized from the provided material. Based on the title alone, it likely investigates how costly imitation is relative to innovation and what that implies for the role of patents, but that inference is tentative. Key details such as dataset, industries, empirical strategy, and conclusions are missing.",{},"[""What industries, firms, or datasets does the paper use to estimate imitation costs and patent effects?"", ""How does the study define and measure imitation costs relative to the costs of original innovation?"", ""What empirical findings does the paper report about the effectiveness of patents in limiting imitation or preserving returns to innovators?""]",agree,0,,2026-04-12 20:04:26,v1,codex-cli,[],"[""imitation"", ""patents"", ""innovation"", ""costs"", ""times""]",2026-04-12 20:04:26
42,Implementation Cycles,", ",journalArticle,83QU79K5,10.1086/261428,https://doi.org/10.1086/261428,Cyclicality of R&D,,,"{""dimension_i"":"""",""dimension_ii"":"""",""dimension_iii"":"""",""dimension_iv"":""""}",,,0,,,,,,,2026-04-10 11:12:29
158,"Innovation , Imitation and Economic Growth by",Paul S Segerstrom,journalArticle,5XAD9TT5,,,Cyclicality of R&D,/Users/pedro/Documents/Projects/papers/cyclicality/references/Innovation Imitation and Economic Growth.pdf,"The paper presents a dynamic general equilibrium model in which firms pursue both innovation and imitation, and the rates of each are determined endogenously through R&D races. It concludes that innovation subsidies increase economic growth, but their welfare effects are conditional rather than uniformly positive. Welfare rises only when innovative effort is sufficiently intense relative to a critical threshold.",{},"[""What mechanisms in the model determine the critical threshold at which innovation subsidies begin to improve welfare?"", ""How do innovation and imitation interact in the R&D race to shape long-run growth outcomes?"", ""What assumptions about firm behavior or market structure drive the endogenous rates of innovation and imitation?""]",agree,0,,2026-04-12 20:18:13,v1,codex-cli,[],"[""Innovation"", ""Imitation"", ""Economic Growth""]",2026-04-12 20:18:13
138,Innovation and Firm Dynamics,Daron Acemoglu,journalArticle,Q4H2U4BD,,,Cyclicality of R&D,/Users/pedro/Documents/Projects/papers/cyclicality/references/Innovation and Firm Dynamics.pdf,"The paper motivates modeling innovation at the firm level while still accounting for aggregate innovation outcomes. It argues that existing models may overstate creative destruction and understate reallocation among firms. Building on Acemoglu, Akcigit, Bloom, and Kerr (2011), it proposes a framework that highlights how managerial quality, firm size, maturity, and productivity shape innovation and firm dynamics.",{},"[""How does the proposed framework distinguish empirically between creative destruction and reallocation across incumbent firms?"", ""What mechanisms link managerial quality to innovation outcomes beyond correlations with firm size or productivity?"", ""How do firm size, maturity, and productivity interact over time to influence innovative performance and reallocation dynamics?""]",agree,0,,2026-04-12 20:15:59,v1,codex-cli,[],[],2026-04-12 20:15:59
156,Innovation and imitation with and without intellectual property rights,"Rufus Pollock, Cambridge Univeristy",journalArticle,B3VMFUVH,,,Cyclicality of R&D,/Users/pedro/Documents/Projects/papers/cyclicality/references/Innovation and Imitation With and Without Intellectual Property Rights.pdf,"The paper challenges standard theory that treats ideas as perfectly nonrival and predicts zero innovation without intellectual property rights. Drawing on empirical evidence that innovators often rely on non-IP appropriation mechanisms and that imitation is costly, it develops an imperfect-competition model with costly imitation. The model suggests that substantial innovation can still occur without formal IP rights, and that welfare may even be higher without IP because reduced monopoly losses can outweigh lower innovation.",{},"[""How sensitive are the paper\u2019s results to the assumed magnitude and distribution of imitation costs across sectors?"", ""Which non-IP appropriation mechanisms most effectively sustain innovation when formal intellectual property rights are weak or absent?"", ""Under what market structures does welfare rise without IP rights despite a decline in total innovation?""]",agree,0,,2026-04-12 20:18:00,v1,codex-cli,"[""K3"", ""L5"", ""O3""]","[""Innovation"", ""Imperfect Competition"", ""Intellectual Property"", ""Imitation""]",2026-04-12 20:18:00
20,Innovation by entrants and incumbents,"Daron Acemoglu, Dan Cao",journalArticle,JQWP2NZ3,10.1016/j.jet.2015.01.001,http://www.nber.org/papers/w16411,Cyclicality of R&D,/Users/pedro/Documents/Projects/papers/cyclicality/references/Innovation by Entrants and Incumbents.pdf,"The paper extends a Schumpeterian endogenous growth model by separating innovation into incremental improvements by incumbents and more radical replacement innovations by entrants. This yields a tractable framework in which growth comes from both continuing firms' productivity gains and the entry of new firms. The model also produces a non-degenerate firm size distribution through entry, firm expansion, and exit. With costly imitation that prevents sectors from lagging too far behind the average, the stationary firm size distribution becomes approximately Zipfian, with a Pareto exponent near one.",{},"[""What precise modeling assumptions make entrant innovation more radical than incumbent innovation in equilibrium?"", ""How is costly imitation formalized, and how exactly does it constrain sectoral divergence from the average?"", ""What parameter restrictions are required for the stationary firm size distribution to converge to a Pareto exponent close to one?"", ""Does the paper provide empirical validation for the joint roles of entrant innovation, incumbent innovation, and imitation in matching observed firm size distributions?""]",agree,0,,2026-04-12 20:03:25,v1,codex-cli,[],"[""endogenous technological change"", ""Schumpeterian model"", ""entry and innovation""]",2026-04-12 20:03:25
30,"Innovation capability, credit constraint and the cyclicality of R&amp;D investment",", Jianpo Xue, , , Chong K. Yip, , Junwei Zheng",journalArticle,K6ZP9UK9,10.1016/j.econlet.2020.109705,https://doi.org/10.1016/j.econlet.2020.109705,Cyclicality of R&D,,"The abstract revisits Aghion et al. (2012) with a theoretical model featuring credit constraints, linear production, and heterogeneous innovation capability. It argues that R&D investment is not necessarily procyclical: depending on innovation capability, the tightness of credit constraints, and entrepreneur wealth, R&D can be acyclical, procyclical, or countercyclical. The abstract does not report empirical evidence, calibration details, or the precise mechanism behind these regime shifts.",{},"[""What exact theoretical mechanism makes R&D switch among procyclical, acyclical, and countercyclical patterns as innovation capability varies?"", ""How are credit-constraint tightness and entrepreneur wealth modeled, and what thresholds determine different cyclicality outcomes?"", ""How does assuming linear production change the results relative to Aghion et al. (2012)?"", ""Does the paper provide any empirical validation or calibration for the predicted heterogeneity in R&D cyclicality?""]",agree,0,,2026-04-12 20:04:33,v1,codex-cli,,,2026-04-12 20:04:33
32,"Innovation in times of crisis: National Systems of Innovation, structure, and demand",", Andrea Filippetti, , Daniele Archibugi",journalArticle,3F5TJNBX,10.1016/j.respol.2010.09.001,https://doi.org/10.1016/j.respol.2010.09.001,Cyclicality of R&D,,"The article examines how the economic downturn affected firms' innovation investment across European countries using both micro- and macro-level data. It argues that cross-country differences in innovation resilience are shaped by National Systems of Innovation as well as demand conditions. The findings suggest that strong human-resource capabilities, specialization in high-technology sectors, and more developed financial systems help sustain firms' innovation investment during recession, and the paper concludes with policy considerations for downturns.",{},"[""How do the authors operationalize and measure firms' persistency in innovation investment across countries?"", ""What specific indicators are used to capture demand conditions alongside structural National Systems of Innovation factors?"", ""How large is the relative contribution of human resources, high-technology specialization, and financial-system development in offsetting crisis effects?"", ""Which policy measures do the authors propose for supporting innovation during recessions, and how targeted are they by country context?""]",agree,0,,2026-04-12 20:04:48,v1,codex-cli,,,2026-04-12 20:04:48
188,Innovation or Imitation The Effect of Spillovers and Competitive Pressure on Firms R&D Strategy Choice,"Olga Slivko, Bernd Theilen",preprint,VEUBSBZG,,,Cyclicality of R&D,/Users/pedro/Documents/Projects/papers/cyclicality/references/Innovation or Imitation The Effect of Spillovers and Competitive Pressure on Firms R&D Strategy Choice.pdf,"The paper models firms' R&D strategy choice as endogenous, shaped by both internal firm characteristics and external conditions. Firms can either invest in their own R&D or forgo innovation and imitate innovators' outcomes. This framework produces three possible equilibria: universal innovation, a mix of innovators and imitators, or universal non-innovation. The source text emphasizes that external factors are central in determining which equilibrium emerges.",{},"[""Which specific external factors most strongly shift firms between innovation, imitation, and non-innovation equilibria?"", ""What internal firm characteristics are modeled as most important in determining the R&D strategy choice?"", ""Under what market or competitive conditions does a mixed equilibrium of innovators and imitators persist?"", ""How do spillovers and competitive pressure interact in the model to affect equilibrium outcomes?""]",agree,0,,2026-04-12 20:21:46,v1,codex-cli,"[""C35"", ""D43"", ""L13"", ""L22"", ""O31""]","[""Innovation; imitation; spillovers; product differentiation; market competition; intellectual property rights protection.""]",2026-04-12 20:21:46
19,Innovation versus Imitation: Empirical Evidence from Swiss Firms,Najib M Harabi,report,J778KF9Q,,http://econpapers.repec.org/RePEc:pra:mprapa:26214,Cyclicality of R&D,,"This report studies how easily Swiss firms believed competitors could imitate product and process innovations, using a 1988 survey of 358 firms across 127 industries. It finds that relatively few rivals are capable of duplicating major innovations, while somewhat more can copy typical innovations. Imitation is consistently estimated to be cheaper and faster than original innovation, and patents raise both the cost and time required for duplication without eliminating imitation incentives.",{},"[""How do imitation capacity, cost, and time differ between product and process innovations beyond the reported medians?"", ""How much do patent-induced increases in imitation cost and time actually strengthen firms' incentives to innovate in practice?"", ""How reliable are firms' survey-based estimates of imitation conditions compared with observed imitation outcomes?""]",agree,0,,2026-04-12 20:03:16,v1,codex-cli,,,2026-04-12 20:03:16
149,"Innovation, Growth, and Asset Prices","Howard Kung, Lukas Schmid",journalArticle,WZ8LZDAB,10.1111/jofi.12241,https://doi.org/10.1111/jofi.12241,Cyclicality of R&D,/Users/pedro/Documents/Projects/papers/cyclicality/references/Innovation Growth and Asset Prices.pdf,"The paper studies a production economy in which innovation and R&D endogenously shape long-run growth prospects. In the model, R&D creates a small but persistent productivity component that generates long-run growth uncertainty. With recursive preferences, households strongly dislike persistent growth downturns because they coincide with low asset valuations, leading to high risk premia. The authors also report empirical evidence that innovation helps explain low-frequency movements in aggregate growth and asset prices.",{},"[""How large is the empirically measured contribution of innovation-driven productivity to variation in aggregate growth over time?"", ""Which asset classes or valuation measures are most sensitive to the model's innovation-driven long-run growth risk?"", ""How robust are the paper's conclusions to alternative preference specifications besides recursive preferences?""]",agree,0,,2026-04-12 20:17:15,v1,codex-cli,"[""E32"", ""E44"", ""G12"", ""O31"", ""O32"", ""O41""]","[""Endogenous growth"", ""asset pricing"", ""low-frequency cycles"", ""productivity"", ""R&D"", ""innovation"", ""risk-taking"", ""business cycle propagation"", ""recursive preferences""]",2026-04-12 20:17:15
18,"Innovation, Growth, and Asset Pricing","Lukas Schmid, Howard Kung",report,BMJLNHPC,,http://ideas.repec.org/p/red/sed011/1325.html,Cyclicality of R&D,,"The report analyzes how innovation and R&D shape asset prices in a stochastic endogenous growth model. R&D endogenously generates a small but persistent component of productivity growth, producing medium- and low-frequency swings in aggregate growth and asset valuations. Under recursive preferences, households strongly dislike these persistent growth fluctuations, which supports high risk premia and helps the model match several asset pricing facts. The authors also claim strong empirical support for innovation-driven low-frequency comovements in growth and market valuations.",{},"[""How robust are the asset pricing results to alternative preference specifications, especially weaker forms of recursive preferences or lower aversion to long-run growth risk?"", ""Which empirical proxies for innovation and R&D most convincingly identify the low-frequency movements in productivity growth and asset valuations emphasized by the model?"", ""How much of the model's quantitative success comes from its propagation mechanism versus the innovation process itself?"", ""How does the model compare with standard macro-finance models across different asset classes and investment horizons?""]",agree,0,,2026-04-12 20:03:09,v1,codex-cli,,,2026-04-12 20:03:09
17,"Innovation, Imitation and Market Structure","Thomas F Cooley, Mehmet Yorukoglu",report,87XT2UNR,,,Cyclicality of R&D,/Users/pedro/Documents/Projects/papers/cyclicality/references/Innovation Imitation and Market Structure.pdf,"This report studies how market structure and product characteristics jointly shape incentives to innovate and imitate. In a dynamic general equilibrium model, goods differ by production technology and by the share of R&D needed to create them, while imitation is feasible at a cost tied to the nature of the good. The authors conclude that innovation and imitation patterns vary substantially across goods, which implies that optimal intellectual property protection should differ by product type. Their calibrated results suggest that optimal patent protection varies widely across goods and is unlike current U.S. policy.",{},"[""How does the calibrated model quantify imitation costs for different product types, and which assumptions matter most for the patent-protection results?"", ""Which real-world industries correspond to the model's different combinations of production technology and R&D intensity?"", ""How robust are the conclusions when alternative market structures or competition assumptions are introduced?""]",agree,0,,2026-04-12 20:03:02,v1,codex-cli,[],[],2026-04-12 20:03:02
5,Innovative Activity over the Business Cycle,"P A Geroski, C F Walters",journalArticle,MHDF32I3,10.2307/2235158,http://ideas.repec.org/a/ecj/econjl/v105y1995i431p916-28.html,Cyclicality of R&D,/Users/pedro/Documents/Projects/papers/cyclicality/references/Innovative Activity over the Business Cycle.pdf,"The paper analyzes cyclical patterns in UK innovative activity from 1948 to 1983. It finds that innovation behaves in many respects like a random walk, but still tends to cluster during economic booms. The authors also identify a long-run secular relationship between innovation and overall economic activity, though they note this relationship may have shifted in the 1980s. Their results do not support the view that innovation drives business cycles; instead, economic activity Granger-causes changes in innovation.",{},"[""What factors may explain the apparent shift in the long-run relationship between innovation and economic activity in the 1980s?"", ""How robust are the findings to alternative measures of innovative activity besides those used in the UK 1948-83 sample?"", ""Would the same pattern of boom-period clustering and Granger causality from economic activity to innovation appear in other countries or later periods?""]",agree,0,,2026-04-12 20:01:37,v1,codex-cli,[],[],2026-04-12 20:01:37
68,"Innovative Capability and Financing Constraints for Innovation More Money, More Innovation?",", Hanna Hottenrott, , Bettina Peters",journalArticle,FTASQ9ZC,10.2139/ssrn.1547083,https://doi.org/10.2139/ssrn.1547083,Cyclicality of R&D,,"The study proposes a novel empirical method to detect financing constraints for innovation using an 'ideal test' inspired by Hall (2008). Firms were given a hypothetical payment and asked how they would use it; choosing additional innovation projects is interpreted as evidence of unexploited innovative investments that are unattractive under costlier external finance. The findings suggest that innovation constraints stem not just from limited financing, but from firms' innovative capability. Econometric results indicate that these constraints are driven less by internal funds alone than by the firm's ability to identify and exploit innovation opportunities.",{},"[""How is 'innovative capability' measured empirically, and which firm characteristics best capture it?"", ""How robust is the hypothetical-payment method compared with observed investment behavior or other proxies for financing constraints?"", ""Do the results vary across firm size, industry, or country context?"", ""What policy tools could ease innovation constraints for firms with high innovative capability but limited access to affordable external finance?""]",agree,0,,2026-04-12 20:08:57,v1,codex-cli,,,2026-04-12 20:08:57
205,Instrumental Variables Estimators,,preprint,KZJ9AARV,,,Cyclicality of R&D,/Users/pedro/Documents/Projects/papers/cyclicality/references/Instrumental-Variables Estimators.pdf,,"{""dimension_i"":"""",""dimension_ii"":"""",""dimension_iii"":"""",""dimension_iv"":""""}",,,0,,,,,,,2026-04-12 18:49:20
123,Introduction to Modern Economic Growth,Daron Açemoglu,report,CDA4GCA6,,http://ideas.repec.org/p/cla/levrem/122247000000001721.html,Cyclicality of R&D,,"No abstract is available for this item, so the source text itself provides no substantive claims, methods, or findings to summarize. Based on the title and existing snapshot, this appears to be a broad theoretical treatment of modern economic growth, but that inference is not directly supported by the provided source text. Any content-level summary therefore remains provisional.",{},"[""What are the central arguments and model frameworks actually covered in this report, given that no abstract is provided?"", ""Does this item explicitly address institutions, innovation, and technological change, or are those themes inferred from the broader reputation of the work?"", ""How closely does the report version correspond to the better-known book-length treatment under the same title?""]",drift,0,,2026-04-12 20:14:27,v1,codex-cli,,,2026-04-12 20:14:27
34,Investment and Research and Development at the Firm Level:  Does the Source of Financing Matter?,", Bronwyn H. Hall",journalArticle,GPAV5SA5,10.3386/w4096,https://doi.org/10.3386/w4096,Cyclicality of R&D,,"The excerpt argues that firms with higher leverage tend to invest less in R&D, and this negative cross-firm relationship is not explained by differences in corporate taxation. It also states that the observed contemporaneous association between debt changes and investment is better interpreted as simultaneous and likely temporary rather than causal. In contrast, the cash flow-investment relationship appears more persistent and distinct.",{},"[""What mechanisms drive the negative correlation between firm leverage and R&D investment across firms?"", ""Why do corporate tax differences fail to explain the leverage-R&D relationship described here?"", ""How can empirical models distinguish simultaneous short-run debt-investment movements from causal financing effects?"", ""What makes the cash flow-investment relationship more persistent than the debt-investment relationship?""]",agree,0,,2026-04-12 20:05:02,v1,codex-cli,,,2026-04-12 20:05:02
62,"Investment, R&D and financial constraints in Britain and Germany",", Stephen Bond, , Dietmar Harhoff, , John Van Reenen",journalArticle,MN666CK9,,,Cyclicality of R&D,,"The paper compares how cash flow relates to fixed investment and R&D in British and German firms from 1985 to 1994 using firm-level panel data. It finds that cash flow is not informative for German firms in simple models of either fixed investment or R&D, while for British firms cash flow predicts fixed investment and the decision to conduct R&D. Among UK firms already doing R&D, cash flow does not predict the level of R&D spending, suggesting financing constraints matter mainly at the entry margin. The authors infer that financial constraints were more important in Britain and that UK R&D performers were a self-selected group facing weaker financing frictions.",{},"[""What institutional features of British versus German financial systems explain why cash flow predicts R&D participation in the UK but not in Germany?"", ""Why is cash flow associated with the decision to undertake R&D in British firms but not with R&D intensity once firms already participate?"", ""How robust are these findings to alternative identification strategies beyond the simple econometric models referenced in the source text?"", ""Do similar cross-country patterns in financing constraints and R&D participation persist in more recent firm-level data?""]",agree,0,,2026-04-12 20:08:17,v1,codex-cli,,,2026-04-12 20:08:17
65,Is R &amp; D Financially Constrained? Theory and Evidence from Irish Manufacturing,", Spiros Bougheas, , Holger Görg, , Eric Strobl",journalArticle,VXJ9JJ7I,10.1023/a:1022905102446,https://doi.org/10.1023/a:1022905102446,Cyclicality of R&D,,"The paper revisits whether firms face liquidity constraints when investing in R&D. It extends the neoclassical investment model for physical capital to incorporate both R&D and financing frictions, then tests the framework using firm-level data on R&D-performing manufacturing firms in the Republic of Ireland. The reported evidence suggests that R&D investment is financially constrained, consistent with earlier findings for U.S. firms.",{},"[""How exactly do the authors operationalize liquidity constraints in the Irish firm-level data?"", ""Do the estimated financial constraints vary by firm type, such as domestic versus foreign-owned manufacturers?"", ""How large is the effect of liquidity constraints on R&D investment relative to other determinants in the model?""]",agree,0,,2026-04-12 20:08:35,v1,codex-cli,,,2026-04-12 20:08:35
27,Is Schumpeterian ‘creative destruction’ a plausible source of endogenous real business cycle shocks?,"Kerk L Phillips, Jeff Wrase",journalArticle,IZY8RF44,10.1016/j.jedc.2005.05.011,http://ideas.repec.org/a/eee/dyncon/v30y2006i11p1885-1913.html,Cyclicality of R&D,/Users/pedro/Documents/Projects/papers/cyclicality/references/Is Schumpeterian Creative Destruction a Plausible Source of Endogenous Real Business Cycle Shocks.pdf,"The paper integrates Schumpeterian growth, via creative destruction, into an otherwise standard real business cycle model to assess whether endogenous innovation dynamics can produce plausible business-cycle fluctuations. The authors solve the model, simulate artificial time series, and compare their statistical properties with U.S. historical data while retaining trend components rather than relying on a specific detrending filter. They conclude that Schumpeterian fluctuations alone can match key U.S. macroeconomic moments, but a model that combines Schumpeterian and conventional RBC shocks fits the data better overall.",{},"[""Which specific U.S. macroeconomic moments are matched by the Schumpeterian-only model, and which are better captured once standard RBC shocks are added?"", ""How much do the results depend on keeping the trend in the simulated and historical series rather than applying alternative detrending methods?"", ""What exact transmission mechanism within the model allows creative destruction to generate business-cycle-like fluctuations endogenously?""]",agree,0,,2026-04-12 20:04:12,v1,codex-cli,"[""E32"", ""O30"", ""O40""]","[""Real business cycles"", ""Economic growth"", ""Schumpeterian""]",2026-04-12 20:04:12
67,Is the Growth of Small Firms Constrained by Internal Finance?,", Robert E. Carpenter, , Bruce C. Petersen",journalArticle,SDBUNT6C,10.1162/003465302317411541,https://doi.org/10.1162/003465302317411541,Cyclicality of R&D,,"The paper tests the theory that small-firm growth is often limited by the availability of internal finance. It argues that when financing constraints bind, an extra dollar of internal funds should produce slightly more than a dollar of asset growth, while this pattern should not apply to the smaller set of firms able to raise external equity. Using a panel of more than 1,600 small firms, the authors find evidence that most firms' growth is constrained by internal finance.",{},"[""What specific assumptions underpin the prediction that one additional dollar of internal finance yields slightly more than one dollar of asset growth?"", ""How do the authors identify which firms have meaningful access to external equity versus those that remain financially constrained?"", ""What measures of asset growth and internal finance are used in the panel analysis, and over what time period?""]",agree,0,,2026-04-12 20:08:49,v1,codex-cli,,,2026-04-12 20:08:49
131,Long-Run Implications of Investment-Specific Technological Change,"Jeremy Greenwood, Zvi Hercowitz, Per Krusell",journalArticle,EWGM7V2H,,https://ideas.repec.org/a/aea/aecrev/v87y1997i3p342-62.html,Cyclicality of R&D,/Users/pedro/Documents/Projects/papers/cyclicality/references/Long-Run Implications of Investment-Specific Technological Change.pdf,"The paper examines how much postwar U.S. growth can be attributed to investment-specific technological change, defined as the introduction of more efficient capital goods, as distinct from Hicks-neutral technological progress. Using a model with a characterized balanced growth path calibrated to U.S. National Income and Product Account data, the authors quantitatively assess the contribution of each source of productivity growth. The results suggest that investment-specific technological change explains the majority of postwar growth.",{},"[""How exactly does the model identify and separate investment-specific technological change from Hicks-neutral technological progress in the data?"", ""How sensitive is the conclusion that investment-specific technological change drives most growth to the calibration choices and measurement of capital-good efficiency?"", ""Does the estimated importance of investment-specific technological change vary across postwar subperiods or sectors within the U.S. economy?""]",agree,0,,2026-04-12 20:15:16,v1,codex-cli,"[""E13"", ""030"", ""041"", ""047""]",[],2026-04-12 20:15:16
134,M ONETARY POLICY SHOCKS IN A DSGE MODEL WITH A SHADOW BANKING SYSTEM Fabio Verona Monetary policy shocks in a DSGE model with a shadow banking system ∗,Manuel M F Martins,journalArticle,RRY3YHUA,,,Cyclicality of R&D,/Users/pedro/Documents/Projects/papers/cyclicality/references/Monetary Policy Shocks in a DSGE Model with a Shadow Banking System.pdf,"The paper examines whether sustained accommodative monetary policy can trigger boom-bust dynamics in a modern DSGE model with a microfounded shadow banking sector. It finds that monetary easing alone is insufficient to generate a boom-bust cycle. Instead, instability emerges when easy monetary policy interacts with microeconomic distortions in the financial system.",{},"[""Which specific microeconomic distortions in the shadow banking system are central to producing boom-bust dynamics?"", ""How does the model represent the transmission channel between accommodative monetary policy and financial-sector distortions?"", ""What policy implications follow for macroprudential regulation versus monetary policy adjustment?""]",agree,0,,2026-04-12 20:15:35,v1,codex-cli,"[""E32"", ""E44"", ""E52"", ""G24""]","[""monetary policy"", ""DSGE model"", ""shadow banking system"", ""boom-bust""]",2026-04-12 20:15:35
11,Macroeconomic Fluctuations and the Allocation of Time,Robert E Hall,journalArticle,XKJZIEFU,10.3386/w5933,https://ideas.repec.org/a/ucp/jlabec/v15y1997i1ps223-50.html,Cyclicality of R&D,/Users/pedro/Documents/Projects/papers/cyclicality/references/Macroeconomic Fluctuations and the Allocation of Time.pdf,"Hall asks what drives macroeconomic fluctuations, focusing on why labor hours rise in booms and fall in recessions. The text highlights three candidate forces: technology shifts, preference shifts, and changes in government purchases, while emphasizing the distinction between atemporal and intertemporal effects. Under standard assumptions, technology shocks have no atemporal effect on employment because income and substitution effects offset. The paper’s decomposition attributes most employment movements to the atemporal effects of preference shifts.",{},"[""How does Hall operationalize and measure atemporal versus intertemporal effects in the employment decomposition?"", ""What empirical evidence supports the conclusion that preference shifts explain most employment fluctuations?"", ""How large is the quantitative role of changes in government purchases relative to technology and preference shifts?"", ""Which standard assumptions are required for technology shocks to have zero atemporal effect, and how sensitive are the results to relaxing them?""]",agree,0,,2026-04-12 20:02:20,v1,codex-cli,[],[],2026-04-12 20:02:20
24,Medium-Term Business Cycles,"Diego Comin, Mark Gertler",journalArticle,KR9ZF9B6,10.1257/aer.96.3.523,http://ideas.repec.org/a/aea/aecrev/v96y2006i3p523-551.html,Cyclicality of R&D,,"The paper argues that postwar industrialized economies display meaningful medium-frequency swings between strong growth and stagnation that standard business-cycle filters wrongly treat as trend. It defines the medium-term cycle as the combination of high- and medium-frequency variation and finds these fluctuations are more volatile and persistent than conventional cycle measures. The authors further show that these cycles are associated with procyclical movements in technological change, R&D, and resource utilization, and they develop an endogenous productivity model to explain these patterns while comparing it with an exogenous productivity alternative.",{},"[""How sensitive are the identified medium-term cycles to alternative filtering and frequency-decomposition methods?"", ""What empirical tests most clearly distinguish the endogenous productivity model from the exogenous productivity model?"", ""How broadly do the paper's findings extend beyond postwar industrialized countries to other periods or developing economies?""]",agree,0,,2026-04-12 20:03:52,v1,codex-cli,,,2026-04-12 20:03:52
128,Modelling Optimal Instrumental Variables for Dynamic Panel Data Models,Manuel Arellano,journalArticle,RIQFIPM9,10.1016/j.rie.2015.11.003,ftp://193.146.129.230/wp/03/0310.pdf,Cyclicality of R&D,/Users/pedro/Documents/Projects/papers/cyclicality/references/Modelling Optimal Instrumental Variables for Dynamic Panel Data Models.pdf,The paper presents two-step instrumental variable estimators for dynamic panel data models that aim for asymptotic efficiency under auxiliary assumptions while retaining consistency if those assumptions do not hold. A central feature is that the optimal instruments are parameterized with a fixed number of coefficients regardless of the time dimension T. This is intended to avoid the dependence of estimator properties on the relative sizes of T and N that can arise in standard panel GMM.,{},"[""What specific auxiliary assumptions are required for asymptotic efficiency, and how restrictive are they in applied settings?"", ""How does the fixed-coefficient parameterization of optimal instruments compare empirically with standard panel GMM in finite samples?"", ""What classes of dynamic panel data models are covered by the proposed estimator, and are there important cases where it does not apply?""]",agree,0,,2026-04-12 20:14:57,v1,codex-cli,[],[],2026-04-12 20:14:57
161,Monopoly Power and Endogenous Product Variety : Distortions and Remedies ∗,Florin O Bilbiie,journalArticle,GQ4X4Q2E,,,Cyclicality of R&D,/Users/pedro/Documents/Projects/papers/cyclicality/references/Monopoly Power and Endogenous Product Variety Distortions and Remedies.pdf,"The paper analyzes efficiency in a dynamic stochastic general equilibrium model with monopolistic competition, endogenous firm entry, sunk entry costs, time-to-build, and exogenous firm destruction. It shows that with inelastic labor supply and linear production in labor, the decentralized equilibrium is efficient only under symmetric homothetic CES preferences of the Dixit-Stiglitz type. Outside that case, efficiency requires taxes or subsidies on sales, entry, or asset trade to synchronize markups across time and states and to align consumer-surplus and profit-destruction effects of entry. With elastic labor supply, an additional distortion arises between goods and leisure markups, which is corrected by a labor subsidy equal to the goods-market markup.",{},"[""How exactly do the required sales, entry, and asset-trade taxes or subsidies differ across alternative non-CES preference specifications?"", ""How sensitive are the efficiency and policy results to relaxing the assumption that production is linear in labor?"", ""What quantitative importance does the labor-market distortion have when labor supply is elastic relative to the entry and markup-synchronization distortions?""]",agree,0,,2026-04-12 20:18:33,v1,codex-cli,"[""D42"", ""H32"", ""L16""]",[],2026-04-12 20:18:33
206,Multiple Imputation,"Bill Rising, StataCorp LP",preprint,,,,Cyclicality of R&D,/Users/pedro/Documents/Projects/papers/cyclicality/references/Multiple Imputation.pdf,"This preprint introduces multiple imputation (MI) in Stata, explaining the basic idea behind MI, its methodological background, and the situations in which it is appropriate to use. It appears to be primarily instructional rather than presenting new empirical findings. The paper also includes a simple worked example using Stata's auto dataset to model energy usage, illustrating MI in practice.",{},"[""What specific assumptions about the missing-data mechanism does the paper emphasize for valid use of multiple imputation?"", ""How detailed is the paper's treatment of implementation steps in Stata, including diagnostics and model specification choices?"", ""Does the auto dataset example compare MI-based results with complete-case analysis or other missing-data methods?"", ""What limitations or common pitfalls of MI in applied Stata workflows does the paper discuss?""]",agree,0,,2026-04-12 20:23:14,v1,codex-cli,[],"[""multiple imputation"", ""Stata"", ""missing data""]",2026-04-12 20:23:14
9,New Evidence on Measuring Financial Constraints: Moving Beyond the KZ Index,"Charles J Hadlock, Joshua R Pierce",journalArticle,AX6ZPLHH,10.1093/rfs/hhq009,http://rfs.oxfordjournals.org/content/23/5/1909.abstract,Cyclicality of R&D,/Users/pedro/Documents/Projects/papers/cyclicality/references/New Evidence on Measuring Financial Constraints Moving Beyond the KZ Index.pdf,"The paper uses qualitative evidence from firms' financial filings to classify levels of financial constraint for a random sample covering 1995 to 2004. It then estimates ordered logit models to test how well common quantitative proxies predict those categories. The authors argue that the KZ index is not a valid measure of financial constraints, find mixed support for other standard proxies, and conclude that firm size and firm age are the most informative predictors. They propose a new financial-constraints measure based only on size and age.",{},"[""How were the qualitative filing disclosures coded into financial-constraint categories, and what checks were used to ensure coding reliability?"", ""How does the proposed size-and-age measure perform relative to the KZ index and other proxies in out-of-sample settings or later time periods?"", ""To what extent do firm size and age capture financial constraints specifically, versus related factors such as information opacity, collateral, or growth opportunities?""]",agree,0,,2026-04-12 20:02:07,v1,codex-cli,"[""G31"", ""G32"", ""D92""]",[],2026-04-12 20:02:07
165,New or used? Investment with credit constraints,"Andrea L. Eisfeldt, Adriano a. Rampini",journalArticle,8VJWG7VN,10.1016/j.jmoneco.2007.06.030,http://linkinghub.elsevier.com/retrieve/pii/S0304393207000839,Cyclicality of R&D,/Users/pedro/Documents/Projects/papers/cyclicality/references/New or Used Investment with Credit Constraints.pdf,"The source argues that used capital has lower upfront costs but higher later maintenance costs, making it attractive to financially constrained firms that place greater weight on immediate cash outflows. It presents an overlapping-generations model that determines the equilibrium price of used capital. In the model, firms with less internal funding face tighter credit constraints, choose used capital, and begin operations at smaller scale.",{},"[""How does the equilibrium price of used capital adjust as the share of financially constrained firms increases?"", ""Under what conditions does used capital become inefficiently attractive relative to new capital because of financing frictions?"", ""How do firms' capital vintage choices change over time as internal funds accumulate or credit constraints relax?"", ""What empirical patterns best distinguish credit-constraint-driven used-capital demand from technological or sector-specific reasons for buying used assets?""]",agree,0,,2026-04-12 20:18:58,v1,codex-cli,"[""D92"", ""E22"", ""G31""]","[""Investment"", ""Used capital"", ""Financial constraints"", ""Vintage capital""]",2026-04-12 20:18:58
113,"Nominal Shocks, Endogenous Growth and the Business Cycle",Alessandra Pelloni,journalArticle,3LXC4JWX,10.1111/j.0013-0133.1997.171.x,http://ideas.repec.org/a/ecj/econjl/v107y1997i441p467-74.html,Cyclicality of R&D,/Users/pedro/Documents/Projects/papers/cyclicality/references/Nominal Shocks Endogenous Growth and the Business Cycle.pdf,"The paper develops a simple theoretical model combining wage setting, imperfect competition, and the accumulation of knowledge and human capital. It argues that when reproducible factors generate increasing returns, temporary demand-side shocks can permanently raise output by shifting the aggregate production function upward. As a result, observing a stochastic trend in income does not by itself identify business-cycle fluctuations as supply-driven rather than demand-driven.",{},"[""How exactly does the model's wage-setting mechanism transmit temporary demand shocks into permanent changes in output?"", ""What assumptions about increasing returns to reproducible factors are necessary for nominal or demand disturbances to shift the aggregate production function permanently?"", ""Does the framework imply empirically distinguishable predictions between permanent demand-driven effects and conventional technology shocks?""]",agree,0,,2026-04-12 20:13:28,v1,codex-cli,[],[],2026-04-12 20:13:28
195,On Endogenous Competitive Business Cycles,Jean-Michel Grandmont,preprint,MHUFBRCA,,,Cyclicality of R&D,/Users/pedro/Documents/Projects/papers/cyclicality/references/On Endogenous Competitive Business Cycles.pdf,"The paper presents a theoretical example where persistent, deterministic business cycles arise endogenously in a laissez-faire economy. The fluctuations do not depend on external shocks or policy changes, because neither is present in the model. Instead, the cycles occur even though markets clear in the Walrasian sense at every date and agents have perfect foresight along the cyclical path.",{},"[""What specific economic mechanisms in the model generate the endogenous cyclical dynamics under laissez-faire conditions?"", ""Under what parameter values or assumptions are the deterministic cycles stable, persistent, or unique?"", ""How general is this result across alternative preference, technology, or market structures beyond the illustrative example?"", ""What implications does the model have for distinguishing endogenous cycles from shock-driven business cycle explanations in empirical settings?""]",agree,0,,2026-04-12 20:22:28,v1,codex-cli,[],[],2026-04-12 20:22:28
7,On the Cyclicality of R & D,Min Ouyang*,journalArticle,P2CRWVUD,,,Cyclicality of R&D,/Users/pedro/Documents/Projects/papers/cyclicality/references/On the Cyclicality of R&D.pdf,"This paper studies whether R&D is countercyclical or procyclical by analyzing an annual panel of 20 U.S. manufacturing industries from 1958 to 1998. It finds that R&D is procyclical at the industry level, contrary to theories predicting that firms concentrate R&D when output is low. Instrumental-variable estimates based on demand shifts further suggest that R&D responds asymmetrically to demand shocks. The paper argues that liquidity constraints and technology improvement help explain the observed procyclicality.",{},"[""What specific asymmetric pattern does R&D exhibit in response to positive versus negative demand shocks?"", ""How do liquidity constraints and technology improvement each contribute to procyclical R&D behavior?"", ""How robust are the results to alternative industry-level measures of R&D, output, and demand shocks?"", ""Would the same procyclical relationship appear in non-manufacturing sectors or in more recent periods?""]",agree,0,,2026-04-12 20:01:52,v1,codex-cli,[],[],2026-04-12 20:01:52
58,On the Cyclicality of R&D: disaggregated evidence,Min Ouyang,journalArticle,USISXLEP,,http://ideas.repec.org/a/tpr/restat/v93y2011i2p542-553.html,Cyclicality of R&D,references/On_the_Cyclicality_of_RD_Disaggregated_Evidence.pdf,"This paper examines how R&D spending moves over the business cycle using an annual panel of twenty U.S. manufacturing industries from 1958 to 1998. Contrary to theories predicting that firms concentrate R&D during low-output periods, the study finds that R&D is procyclical. Instrument-based estimates further suggest that R&D responds asymmetrically to demand shocks. The paper argues that liquidity constraints are an important reason firms do not smooth R&D over downturns.",{},"[""How strong is the asymmetric R&D response to positive versus negative demand shocks across different manufacturing industries?"", ""What direct evidence links liquidity constraints, rather than other mechanisms, to the observed procyclicality of R&D?"", ""Would the same procyclical pattern appear in non-manufacturing sectors or in more recent post-1998 data?""]",agree,0,,2026-04-12 20:07:36,v1,codex-cli,,,2026-04-12 20:07:36
59,On the Cyclicality of Research and Development,Gadi Barlevy,journalArticle,VNBE6YLM,10.1257/aer.97.4.1131,http://www.jstor.org/stable/30034087 http://ideas.repec.org/a/aea/aecrev/v97y2007i4p1131-1164.html,Cyclicality of R&D,/Users/pedro/Documents/Projects/papers/cyclicality/references/On the Cyclicality of Research and Development.pdf,"The paper addresses a tension between theories that recessions can promote growth and the empirical fact that R&D is typically procyclical. It argues that a dynamic externality in R&D makes entrepreneurs behave myopically, shifting innovation toward booms even when concentrating R&D in recessions could be socially preferable. As a result, equilibrium R&D is likely excessively procyclical, which can make macroeconomic shocks more persistent and raise the growth costs of downturns.",{},"[""What specific mechanism generates the dynamic externality that makes private R&D timing more short-sighted than the social optimum?"", ""Under what conditions might other forces make procyclical R&D privately and socially desirable despite the identified distortion?"", ""How large are the long-run output losses from excessively procyclical R&D following macroeconomic shocks?"", ""What policy tools could shift R&D effort toward recessions without creating offsetting inefficiencies?""]",agree,0,,2026-04-12 20:07:43,v1,codex-cli,[],[],2026-04-12 20:07:43
121,On the Timing of Innovation in Stochastic Schumpeterian Growth Models,Gadi Barlevy,report,7FERMYKV,,https://ideas.repec.org/p/nbr/nberwo/10741.html,Cyclicality of R&D,/Users/pedro/Documents/Projects/papers/cyclicality/references/On the Timing of Innovation in Stochastic Schumpeterian Growth Models.pdf,"The paper examines the tension between Schumpeterian theories that recessions can foster innovation and the empirical fact that R&D is procyclical. It argues that, although concentrating growth-enhancing activity in downturns would be socially optimal, dynamic spillovers in the R&D process cause private firms to shift too much innovation into booms. As a result, recessions end up discouraging growth, and cyclical intertemporal substitution in R&D becomes socially harmful rather than beneficial.",{},"[""What specific dynamic spillovers in the R&D process cause firms to cluster innovation during booms?"", ""What policy tools could shift private R&D timing closer to the social optimum during downturns?"", ""How large is the growth loss caused by procyclical R&D over the business cycle?""]",agree,0,,2026-04-12 20:14:14,v1,codex-cli,"[""E32"", ""O3"", ""D62""]","[""recessions"", ""growth"", ""research and development"", ""Schumpeterian hypothesis""]",2026-04-12 20:14:14
33,On the cyclicality of R&amp;D activities,Matthias Mand,journalArticle,UD5AH5BI,10.1016/j.jmacro.2018.10.008,https://doi.org/10.1016/j.jmacro.2018.10.008,Cyclicality of R&D,,"Mand examines why U.S. R&D activity is procyclical despite the standard opportunity-cost argument that recessions should encourage R&D. Using a calibrated real business cycle model with R&D-driven horizontal innovation, the paper compares alternative ways of modeling the R&D production process. It finds that the choice of R&D input specification is decisive: a knowledge-driven specification struggles to generate procyclical R&D investment and scientist employment jointly, while a calibrated multi-input specification can match both. The model also suggests that endogenous growth amplifies business cycle shocks.",{},"[""How sensitive are the procyclical R&D results to the calibration of the multi-input R&D specification?"", ""Which specific mechanisms in the endogenous growth channel drive the amplification of business cycle shocks?"", ""How well would the model's conclusions generalize beyond U.S. data to other countries or sectors?""]",agree,0,,2026-04-12 20:04:55,v1,codex-cli,,,2026-04-12 20:04:55
139,Optimal research and development and the cost of business cycles,Galo Nuño,journalArticle,XUYRSLGE,10.1007/s10887-011-9063-4,https://doi.org/10.1007/s10887-011-9063-4,Cyclicality of R&D,/Users/pedro/Documents/Projects/papers/cyclicality/references/Optimal Research and Development and the Cost of Business Cycles.pdf,"The paper studies whether procyclical or countercyclical R&D is welfare-improving using a calibrated DSGE model with Schumpeterian endogenous growth. Although prior literature argues for countercyclical R&D subsidies during recessions, the model finds that decentralized procyclical R&D yields lower business-cycle costs than the efficient countercyclical allocation in a second-best setting. The mechanism is that distorted shock propagation in the decentralized equilibrium partially offsets pre-existing steady-state distortions. As a result, countercyclical R&D subsidies do not raise welfare, whereas policies that correct steady-state inefficiencies generate substantial welfare gains.",{},"[""Which specific steady-state distortions are most important in making decentralized procyclical R&D welfare-superior to countercyclical R&D over the cycle?"", ""How sensitive are the welfare results to the model calibration, especially the parameters governing innovation, markups, and shock transmission?"", ""Would the conclusion about ineffective countercyclical R&D subsidies still hold in models with financial frictions, heterogeneous firms, or sectoral R&D differences?""]",agree,0,,2026-04-12 20:16:07,v1,codex-cli,"[""E32"", ""O38"", ""O40""]","[""Schumpeterian growth"", ""Technology adoption"", ""Optimal subsidy""]",2026-04-12 20:16:07
120,Optimal research and development expenditure: a general equilibrium approach,Galo Nuño Barrau,report,QM6SA9ER,,http://ideas.repec.org/p/bde/wpaper/1009.html,Cyclicality of R&D,/Users/pedro/Documents/Projects/papers/cyclicality/references/Optimal Research and Development Expenditure A General Equilibrium Approach.pdf,"This report studies optimal R&D spending and its cyclical behavior using a calibrated dynamic general equilibrium model with Schumpeterian endogenous growth. It finds that distortions in a decentralized economy cause underinvestment in R&D, and that a proportional R&D subsidy cannot achieve the first-best allocation. Instead, the optimal proportional subsidy delivers a second-best outcome with R&D spending above the first-best level. The paper also argues that procyclical R&D is socially inefficient, though the welfare cost of this dynamic inefficiency is smaller than the welfare loss from overall underinvestment.",{},"[""Which specific distortions in the decentralized economy prevent proportional R&D subsidies from restoring the first-best allocation?"", ""Why does the optimal proportional subsidy push R&D spending above the first-best level rather than exactly matching it?"", ""What mechanisms in the model make procyclical R&D socially inefficient over the business cycle?"", ""How sensitive are the welfare comparisons between underinvestment and dynamic inefficiency to the paper's calibration choices?""]",agree,0,,2026-04-12 20:14:08,v1,codex-cli,"[""E32"", ""O38"", ""O40""]","[""Schumpeterian growth"", ""technology adoption"", ""optimal subsidy""]",2026-04-12 20:14:08
95,Output dynamics in an endogenous growth model,"Ilaski Barañano, M Paz Moral",journalArticle,RFKR3Z77,,http://econpapers.repec.org/RePEc:ehu:biltok:200310,Cyclicality of R&D,/Users/pedro/Documents/Projects/papers/cyclicality/references/Output Dynamics in an Endogenous Growth Model.pdf,"This paper examines whether an endogenous growth real business cycle model can match two stylized facts of U.S. output dynamics: short-run positive autocorrelation in GNP growth with weak longer-run negative autocorrelation, and a trend-reverting component with a hump-shaped moving-average representation. It uses a stochastic discrete-time version of Lucas (1988) without externalities, adding leisure to utility and labor adjustment costs. The authors conclude that the combination of endogenous growth and labor adjustment costs strengthens propagation and improves the model's ability to generate realistic output dynamics, helping address the Cogley-Nason puzzle.",{},"[""How strongly do labor adjustment costs, versus leisure in utility, each contribute to the model's improved propagation mechanism?"", ""How sensitive are the model's output dynamics to the assumption that human capital accumulation has no externalities?"", ""What empirical calibration or estimation strategy is used to match the observed U.S. GNP autocorrelation and trend-reversion patterns?""]",agree,0,,2026-04-12 20:11:58,v1,codex-cli,[],[],2026-04-12 20:11:58
31,Ownership and the cyclicality of firms’ R&amp;D investment,", Pilar Beneito, , María E. Rochina-Barrachina, Amparo Sanchis, , Amparo Sanchis-Llopis",journalArticle,CBFEVUNQ,10.1007/s11365-014-0320-9,https://doi.org/10.1007/s11365-014-0320-9,Cyclicality of R&D,,"This paper examines how ownership structure affects the cyclical behavior of firms’ R&D spending using panel data on Spanish manufacturing firms from 1990 to 2006. It finds that R&D investment is generally countercyclical, but credit constraints can weaken or even reverse that pattern. The main contribution is that ownership moderates this relationship: family-owned and group-affiliated firms’ R&D is less sensitive to credit constraints, particularly during recessions.",{},"[""What mechanisms allow family-owned firms to sustain R&D more effectively under credit constraints during recessions?"", ""To what extent do internal capital markets explain the weaker dependence of group-affiliated firms\u2019 R&D on external finance?"", ""Would the moderating effect of ownership on cyclical R&D behavior hold in non-manufacturing sectors or in countries beyond Spain?""]",agree,0,,2026-04-12 20:04:39,v1,codex-cli,,,2026-04-12 20:04:39
94,Patent Statistics as Economic Indicators: A Survey,Zvi Griliches,journalArticle,XMM6GTRS,,http://ideas.repec.org/p/nbr/nberwo/3301.html,Cyclicality of R&D,/Users/pedro/Documents/Projects/papers/cyclicality/references/Patent Statistics as Economic Indicators A Survey.pdf,"Griliches surveys how patent data are used in economic analysis, especially as indicators of technological change. He reviews evidence from cross-sectional and time-series studies linking patents to R&D spending, along with estimates of patent value and patent rights using sources such as European renewal data. He argues that the 1970s decline in U.S. patents granted was largely an administrative artifact caused by Patent Office budget constraints, and that the longer-run fall in patents per R&D dollar reflects changes in what patents measure over time rather than simple diminishing returns. Despite important limitations, he concludes that patent data remain a uniquely valuable resource for studying technical change.",{},"[""How should researchers adjust patent-based innovation measures to account for shifts over time in the meaning and coverage of patent data?"", ""What methods best separate administrative effects, such as Patent Office budget constraints, from true changes in innovative activity in patent time series?"", ""How reliably do patent counts and renewal-based value measures capture the economic value of innovation across sectors and periods?""]",agree,0,,2026-04-12 20:11:50,v1,codex-cli,[],"[""Patent Statistics"", ""Economic Indicators"", ""R&D""]",2026-04-12 20:11:50
157,Patterns of firm entry and exit in US . manufacturing industries,"Timothy Dunne, Mark J Roberts, Larry Samuelson, The Rand, No Winter",journalArticle,LSFH6M79,,,Cyclicality of R&D,/Users/pedro/Documents/Projects/papers/cyclicality/references/Patterns of Firm Entry and Exit in US Manufacturing Industries.pdf,"The article examines firm entry, growth, and exit across four-digit U.S. manufacturing industries from 1963 to 1982. It separates entrants into three groups: new firms, existing firms diversifying through new facilities, and existing firms entering by changing output mixes in existing plants. The study focuses on the relative importance of these entry modes, the persistence of industry turnover patterns over time, the relationship between entry and exit rates, and how entrants perform after entering.",{},"[""Which of the three entrant types accounts for the largest share of entry across industries and over time?"", ""How strong is the persistence of industry-specific entry and exit patterns during 1963-1982?"", ""What is the direction and magnitude of the correlation between industry entry rates and exit rates?"", ""How do post-entry growth and survival outcomes differ across new firms, diversifiers, and output-switching incumbents?""]",agree,0,,2026-04-12 20:18:07,v1,codex-cli,[],[],2026-04-12 20:18:07
186,Procyclical Aggregate R&D A Comovement Phenomenon,Min Ouyang,preprint,V6WBNKGV,,,Cyclicality of R&D,/Users/pedro/Documents/Projects/papers/cyclicality/references/Procyclical Aggregate R&D A Comovement Phenomenon.pdf,"The paper argues that procyclical aggregate R&D in the U.S. should not mainly be interpreted as firms timing innovation within industries to coincide with booms. Using a decomposition of aggregate R&D and real GDP across 22 industry groups, it finds that only 5.67% of the aggregate procyclicality comes from within-industry alignment of innovation and production. Instead, 94.37% is attributed to interindustry comovement between R&D and output. The authors therefore suggest that procyclical aggregate R&D is primarily a comovement phenomenon, similar to the business cycle itself.",{},"[""How exactly are R&D and GDP decomposed across the 22 industry groups, and over what sample period is the analysis conducted?"", ""What identification strategy supports the claim that interindustry comovement, rather than within-industry timing, drives aggregate procyclical R&D?"", ""How robust are the 5.67% and 94.37% estimates to alternative industry classifications, business-cycle measures, or detrending methods?"", ""What do these findings imply for Schumpeterian theories of optimal innovation timing and for policy aimed at stabilizing innovation investment over the cycle?""]",drift,0,,2026-04-12 20:21:35,v1,codex-cli,[],[],2026-04-12 20:21:35
129,Product Innovation and Imitation in a Duopoly with Differentiation By Attributes,Reynald-alexandre Laurent,journalArticle,SCSIDCNR,,,Cyclicality of R&D,/Users/pedro/Documents/Projects/papers/cyclicality/references/Product Innovation and Imitation in a Duopoly with Differentiation By Attributes.pdf,"The paper analyzes a three-stage duopoly in which firms first innovate by adding product attributes, then decide whether to imitate a rival's attributes, and finally compete in prices. Products are differentiated by specific attributes, and consumers choose probabilistically under a random decision rule. The main equilibrium result is that the firm with less-valued products is more likely to imitate the rival, while the benchmark firm may lower its attribute index strategically to discourage imitation when imitation costs are sufficiently concave.",{},"[""How exactly is the consumer random decision rule specified, and how sensitive are the equilibrium results to alternative demand formulations?"", ""What precise conditions on the concavity of imitation costs make strategic lowering of the attribute index optimal for the benchmark firm?"", ""How do welfare, consumer surplus, and firm profits compare across equilibria with innovation only versus innovation followed by imitation?""]",agree,0,,2026-04-12 20:15:03,v1,codex-cli,"[""D11"", ""D43"", ""L13""]","[""quality choices"", ""differentiation by attributes"", ""product innovation"", ""product imitation""]",2026-04-12 20:15:03
96,Productivity growth and the structure of the business cycle,Gilles Saint-Paul,journalArticle,ZKI9XDLZ,10.1016/0014-2921(93)90095-r,http://www.sciencedirect.com/science/article/pii/001429219390095R,Cyclicality of R&D,/Users/pedro/Documents/Projects/papers/cyclicality/references/Productivity Growth and the Structure of the Business Cycle - Comment.pdf,"The paper examines how productivity growth is linked to the structure of the business cycle. It emphasizes an ""opportunity cost"" perspective in which some productivity-enhancing activities become relatively more attractive during recessions because their comparative advantage changes with market conditions. From the provided text, the central mechanism is clear, but the specific activities, model details, and empirical evidence are not described.",{},"[""Which productivity-enhancing activities does the paper identify as having greater comparative advantage during recessions?"", ""Does the paper develop a purely theoretical model, provide empirical evidence, or combine both approaches?"", ""How does the paper define the \""structure\"" of the business cycle in relation to productivity growth?"", ""What implications does the argument have for stabilization policy and long-run growth?""]",agree,0,,2026-04-12 20:12:04,v1,codex-cli,[],"[""Productivity growth"", ""Business cycle"", ""Opportunity cost""]",2026-04-12 20:12:04
97,Public Financing of Education and Research in a Model of Endogenous Growth,Alessandra Pelloni,journalArticle,3VWX82IZ,10.1111/1467-9914.00048,http://ideas.repec.org/a/bla/labour/v11y1997i3p517-539.html,Cyclicality of R&D,,"The paper develops a two-factor endogenous growth model in which the government finances research and/or education. It allows public-production technology to differ from private-production technology, implying that public spending directly affects factor rental prices. The study characterizes a unique balanced growth path and transitional dynamics, finding that the steady-state equilibrium is a saddle point. It also argues that income taxation is generally distortionary, whereas a Pareto-optimal decentralized outcome can in general be achieved through a consumption tax.",{},"[""How exactly do differences between public and private production technologies change factor rental prices and growth outcomes?"", ""What role do government allocations between research and education play in shaping the transition toward the balanced growth path?"", ""Under what parameter conditions does consumption taxation support a Pareto-optimal decentralized equilibrium while income taxation remains distortionary?""]",agree,0,,2026-04-12 20:12:10,v1,codex-cli,,,2026-04-12 20:12:10
112,R & D and Internal Finance: A Panel Study of Small Firms in High-Tech Industries,"Charles P Himmelberg, Bruce C Petersen",journalArticle,478T4JKM,,http://www.jstor.org/stable/2109824,Cyclicality of R&D,/Users/pedro/Documents/Projects/papers/cyclicality/references/R&D and Internal Finance A Panel Study of Small Firms in High-Tech Industries.pdf,"This paper revisits the long-standing hypothesis that internal finance is a key driver of R&D spending, focusing on a panel of 179 small firms in high-tech industries. Using newly available data and multiple estimation strategies, the authors find a large and statistically significant positive relationship between internal finance and R&D investment. They interpret this as evidence that capital market imperfections make internal finance the main determinant of how quickly small high-tech firms can invest in technology through R&D.",{},"[""Which specific capital market imperfections most strongly constrain external financing for small high-tech firms' R&D?"", ""How sensitive is the estimated R&D-internal finance relationship to alternative panel specifications or measurement choices?"", ""Would the same internal finance dependence appear in larger firms or in non-high-tech industries?""]",agree,0,,2026-04-12 20:13:22,v1,codex-cli,[],[],2026-04-12 20:13:22
175,R&D Demand Fluctuations and Credit Constraints Comparative Evidence from Europe,"Kadri Männasoo, Jaanika Meriküll",preprint,IUIKFRA3,,,Cyclicality of R&D,/Users/pedro/Documents/Projects/papers/cyclicality/references/R&D Demand Fluctuations and Credit Constraints Comparative Evidence from Europe.pdf,"The paper examines how firms' R&D behavior varies over the business cycle across European countries at different development levels using World Bank/EBRD firm survey data. It finds that firms are more likely to undertake R&D when sales are growing and less likely to do so when they face credit constraints. It also reports that R&D is counter-cyclical relative to exogenous industry output, with demand shocks reducing R&D more strongly in countries farther from the technological frontier.",{},"[""What mechanisms explain why demand shocks depress R&D more strongly in countries farther from the technological frontier?"", ""How are credit constraints measured, and do different forms of financing frictions affect R&D differently across countries?"", ""Does the counter-cyclical relationship between R&D and exogenous industry output hold across firm sizes, sectors, and ownership types?""]",agree,0,,2026-04-12 20:20:09,v1,codex-cli,"[""G31"", ""E32"", ""O30"", ""O52""]","[""R&D cyclicality"", ""demand fluctuations"", ""credit constraints"", ""comparative study""]",2026-04-12 20:20:09
197,R&D Expenditure in G7 Countries and the Implications for Endogenous Fluctuations and Growth,"Klaus Wälde, Ulrich Woitek",preprint,X8ZH5XE7,,,Cyclicality of R&D,/Users/pedro/Documents/Projects/papers/cyclicality/references/R&D Expenditure in G7 Countries and the Implications for Endogenous Fluctuations and Growth.pdf,"This preprint compares theoretical predictions from endogenous growth cycle models with observed aggregate R&D spending in G7 countries from 1973 to 2000. While the literature predicts that R&D expenditure should be countercyclical, the authors report that it is generally procyclical in the data. The paper therefore highlights a mismatch between theory and empirical patterns and points to implications for revising future growth-cycle models.",{},"[""What mechanisms could explain why aggregate R&D expenditure in G7 countries appears procyclical rather than countercyclical?"", ""Do sector-level or firm-level R&D data within G7 countries show the same procyclical pattern, or is the result specific to aggregate measures?"", ""How sensitive is the procyclicality finding to the sample period, business-cycle measurement, and treatment of cross-country heterogeneity?""]",drift,0,,2026-04-12 20:22:42,v1,codex-cli,"[""C2"", ""E32"", ""O41""]","[""Cyclical properties of R&D expenditure"", ""Growth cycles""]",2026-04-12 20:22:42
179,R&D Liquidity Constraint and the Schumpeterian View,Min Ouyang*,preprint,UIX8Z5ED,,,Cyclicality of R&D,/Users/pedro/Documents/Projects/papers/cyclicality/references/R&D Liquidity Constraint and the Schumpeterian View.pdf,"The preprint addresses the apparent conflict between observed pro-cyclical R&D and the Schumpeterian prediction that innovation should intensify during downturns. Using an industry panel on R&D, output, and finance, it finds large cross-industry differences in R&D cyclicality. Liquidity constraints help explain these differences, but the paper argues they are only part of the story. It concludes that the Schumpeterian view still captures an important aspect of innovation dynamics, though its empirical fit is obscured by multiple masking factors.",{},"[""Which additional factors beyond liquidity constraints account for cross-industry variation in R&D cyclicality?"", ""How are liquidity constraints measured in the industry panel, and how sensitive are the results to alternative financial-friction proxies?"", ""Do industries less affected by liquidity constraints exhibit counter-cyclical innovation outcomes beyond R&D spending, such as patents or productivity growth?"", ""What specific mechanisms mask the Schumpeterian pattern in aggregate data, and how important is each one quantitatively?""]",agree,0,,2026-04-12 20:20:38,v1,codex-cli,"[""E32"", ""E44"", ""O30""]",[],2026-04-12 20:20:38
106,R&D Productivity: A Survey of Econometric Studies at the Firm Level,"Jacques Mairesse, Mohamed Sassenou",report,28E89X9K,,http://ideas.repec.org/p/nbr/nberwo/3666.html,Cyclicality of R&D,,"This report surveys firm-level econometric studies on the relationship between R&D and productivity, evaluating both findings and recurring methodological problems. It organizes the literature into three broad categories, especially distinguishing cross-sectional versus time-series evidence and estimates framed as either R&D elasticity or rates of return. The authors conclude that, despite major difficulties in modeling and measurement, many studies still produce statistically significant and often plausible estimates. At the same time, they emphasize that limited comparability across studies leaves the evidence base weaker than it may initially appear.",{},"[""Why do estimates of R&D productivity differ between cross-sectional and time-series firm-level studies?"", ""How do alternative specifications such as R&D elasticity versus rate-of-return affect the comparability of results?"", ""Which measurement problems in R&D and productivity variables most undermine the reliability of firm-level econometric estimates?"", ""What methodological changes would make future firm-level R&D productivity studies more comparable across datasets and contexts?""]",agree,0,,2026-04-12 20:12:54,v1,codex-cli,,,2026-04-12 20:12:54
105,R&D and Productivity Growth,,report,9A9M2ZBV,,,Cyclicality of R&D,,,"{""dimension_i"":"""",""dimension_ii"":"""",""dimension_iii"":"""",""dimension_iv"":""""}",,,0,,,,,,,2026-04-10 11:12:29
181,R&D and Productivity The Econometric Evidence,Zvi Griliches,preprint,6D3ZGMIR,,,Cyclicality of R&D,/Users/pedro/Documents/Projects/papers/cyclicality/references/R&D and Productivity The Econometric Evidence.pdf,"The excerpt explains why economists have repeatedly been drawn to patent data as a research source. Patents are attractive because they are readily available, explicitly connected to inventive activity, and grounded in a standard that appears objective and relatively stable over time. The passage suggests that these features make patent statistics seem perennially promising for learning about innovation, though it does not yet assess their actual validity or limitations.",{},"[""How well do patent counts measure true inventive activity or economically meaningful innovation?"", ""What biases arise because patenting standards are only 'slowly changing' rather than fully constant over time?"", ""How comparable are patent statistics across industries, firms, or historical periods?"", ""What are the main limitations of using patent data alone to study R&D and productivity relationships?""]",agree,0,,2026-04-12 20:20:50,v1,codex-cli,[],[],2026-04-12 20:20:50
185,R&D in Boom and Bust Evidence from the World Bank Financial Crisis Survey,"Kadri Männasoo, Jaanika Meriküll",preprint,HVV4NG4F,,,Cyclicality of R&D,/Users/pedro/Documents/Projects/papers/cyclicality/references/R&D in Boom and Bust Evidence from the World Bank Financial Crisis Survey.pdf,This preprint studies how firms adjusted R&D spending across two phases surrounding the 2008-2009 global financial crisis using World Bank Financial Crisis Survey data. It finds that R&D behavior differed by period: firms’ R&D was counter-cyclical during the 2001-2007 expansion but became pro-cyclical during the 2009-2010 crisis slump. The summary indicates that both credit constraints and demand shocks were important in shaping these shifts in R&D investment.,{},"[""Which firms, countries, or industries in the World Bank Financial Crisis Survey drove the shift from counter-cyclical to pro-cyclical R&D behavior?"", ""How are credit constraints and demand shocks measured in the paper, and which mechanism appears more influential for R&D cuts during the crisis?"", ""Does the analysis distinguish between temporary reductions in R&D and longer-term changes in innovation strategy after 2010?""]",agree,0,,2026-04-12 20:21:23,v1,codex-cli,"[""G31"", ""E32"", ""O30"", ""O52""]","[""R&D cyclicality"", ""demand shocks"", ""credit constraints"", ""financial crisis""]",2026-04-12 20:21:23
107,"R&D, Innovation and Liquidity Constraints","Maria Luisa Mancusi, Andrea Vezzulli",report,FQ7M7DKY,,http://ideas.repec.org/p/cri/cespri/kites30_wp.html,Cyclicality of R&D,/Users/pedro/Documents/Projects/papers/cyclicality/references/R&D Innovation and Liquidity Constraints.pdf,"This report examines how financing constraints affect both the decision to undertake R&D and the amount invested in R&D among Italian manufacturing SMEs during 2001-2003, using survey data matched with full financial accounts. The authors use a direct measure of credit constraints and an econometric strategy that treats those constraints as endogenous. They find that financing constraints significantly reduce the likelihood that firms start R&D activities, while the main effect on spending operates through discouraging participation rather than lowering investment intensity once firms are already engaged. Young and small firms are especially likely to face credit constraints, even after controlling for size and age separately.",{},"[""How exactly is the direct indicator of credit constraints constructed, and does it distinguish between supply-side credit denial and firms' self-selection out of borrowing?"", ""How robust are the results across different manufacturing subsectors or alternative measures of R&D intensity?"", ""Do policy interventions such as credit guarantees or innovation subsidies weaken the participation effect of financing constraints for young and small firms?""]",agree,0,,2026-04-12 20:13:01,v1,codex-cli,"[""G32"", ""C35"", ""O31""]","[""R&D"", ""financing constraints"", ""bivariate probit"", ""IV Tobit""]",2026-04-12 20:13:01
171,R&D? A Small Contribution to Productivity Growth,Diego Comin,report,DPCJX4GE,,https://ideas.repec.org/p/wpa/wuwpma/0306007.html,Cyclicality of R&D,/Users/pedro/Documents/Projects/papers/cyclicality/references/R&D A Small Contribution to Productivity Growth.pdf,"Diego Comin assesses how much R&D investment contributes to US productivity growth using the free entry condition and the fact that most R&D innovations are embodied in new capital or goods. He argues that this framework lets him relate R&D resources to technological growth while limiting the role of externalities and diminishing returns in the estimate. The paper concludes that R&D contributes less than 0.3 to 0.5 percentage points to US productivity growth, and treats this as an upper bound when innovators internalize effects on future innovation costs. Normatively, the analysis suggests that observed US R&D intensity may already be close to the social optimum under the assumed innovation technology.",{},"[""How sensitive is the estimated upper bound to the assumption that most R&D innovations are embodied rather than disembodied?"", ""What empirical evidence supports the claim that free entry isolates the R&D-growth relationship from the size of R&D externalities?"", ""How would the conclusion about socially optimal US R&D intensity change if innovators do not fully internalize effects on future innovation costs?""]",agree,0,,2026-04-12 20:19:41,v1,codex-cli,"[""E10"", ""O40""]","[""Research and development"", ""productivity growth"", ""total factor productivity""]",2026-04-12 20:19:41
71,R&amp;D AND CREDIT RATIONING IN SMEs,", Maria Luisa Mancusi, , Andrea Vezzulli",journalArticle,EIUNSC7S,10.1111/ecin.12080,https://doi.org/10.1111/ecin.12080,Cyclicality of R&D,,"This paper examines how credit rationing affects R&D investment among manufacturing SMEs using survey and accounting data from a large representative sample. The authors use an econometric model that addresses endogeneity in the credit-rationing measure through a theory-based identification strategy. They find that credit rationing significantly reduces both the probability that firms undertake R&D and the amount they spend on R&D once active, with the larger overall effect operating through deterring firms from starting R&D at all.",{},"[""How is credit rationing measured in the underlying survey and accounting data, and does it distinguish between supply-side denial and self-restraint in borrowing?"", ""Do the effects of credit rationing on R&D differ by firm size, age, or technological intensity within manufacturing SMEs?"", ""How persistent are these effects over time: does temporary credit rationing cause lasting reductions in SME innovation activity?""]",agree,0,,2026-04-12 20:09:17,v1,codex-cli,,,2026-04-12 20:09:17
76,"R&amp;D INVESTMENT, CREDIT RATIONING AND SAMPLE SELECTION",", Claudio A. Piga, , Gianfranco Enrico Atzeni",journalArticle,F5R6ZUF2,10.1111/j.0307-3378.2007.00255.x,https://doi.org/10.1111/j.0307-3378.2007.00255.x,Cyclicality of R&D,,"The paper investigates whether R&D-intensive firms face liquidity constraints while explicitly accounting for firms' prior decision to apply for credit, addressing sample selection in borrower-lender relationships. It finds that firms with no or low R&D intensity are less likely to seek additional funds, but when they do apply they are more likely to be denied credit. This pattern does not hold uniformly for R&D-intensive firms, suggesting that severe credit constraints affect only a subset of innovative firms. The organization of R&D activities appears to shape the likelihood of being credit-constrained.",{},"[""Which specific types of R&D organization make innovative firms more or less likely to face credit constraints?"", ""What distinguishes the sub-sample of innovative firms that experiences severe credit constraints from other R&D-intensive firms?"", ""How do the same observable factors jointly influence both the firm's decision to apply for credit and the lender's decision to approve or deny it?""]",agree,0,,2026-04-12 20:09:52,v1,codex-cli,,,2026-04-12 20:09:52
37,R&amp;D Investment and Financing Constraints of Small and Medium-Sized Firms,", Dirk Czarnitzki, , Hanna Hottenrott",journalArticle,58U5UU3S,10.2139/ssrn.1210302,https://doi.org/10.2139/ssrn.1210302,Cyclicality of R&D,,"The study examines whether firms face financial constraints in R&D investment and how these differ from constraints on capital investment. Using a credit rating index to capture external financing constraints and mark-ups to capture internal constraints, it finds that internal constraints matter more for R&D than for capital investment. External financing constraints increase monotonically as firm size decreases for both R&D and capital investment, while internal constraints do not follow the same size pattern. The evidence also indicates that older firms are not systematically less constrained than younger firms.",{},"[""What firm-level mechanisms make internal financing constraints more influential for R&D than for capital investment?"", ""Why do external financing constraints worsen monotonically as firm size decreases, while internal constraints do not show the same pattern?"", ""Why does firm age not appear to reduce financing constraints, and would this result hold across industries or countries?""]",agree,0,,2026-04-12 20:05:21,v1,codex-cli,,,2026-04-12 20:05:21
101,R&amp;D expenditure in G7 countries and the implications for endogenous fluctuations and growth,"Klaus Wälde, Ulrich Woitek",journalArticle,53T2EKV5,10.1016/j.econlet.2003.07.014,http://linkinghub.elsevier.com/retrieve/pii/S0165176503002829,Cyclicality of R&D,,,"{""dimension_i"":"""",""dimension_ii"":"""",""dimension_iii"":"""",""dimension_iv"":""""}",,,0,,,,,,,2026-04-10 11:12:29
182,Reconciling Cyclical Movements in the Marginal Value of Time and the Marginal Product of Labor,Robert E. Hall,preprint,FW2ZBZIK,,,Cyclicality of R&D,/Users/pedro/Documents/Projects/papers/cyclicality/references/Reconciling Cyclical Movements in the Marginal Value of Time and the Marginal Product of Labor.pdf,"Hall argues that in recessions the marginal rate of substitution between consumption and workers' time appears to fall below the marginal product of labor, which would normally suggest inefficient labor allocation. He proposes a household-production model that reconciles these cyclical movements by incorporating a Frisch labor supply elasticity below one and a search-and-matching view of unemployment. In this framework, recessions do not imply private inefficiency in how labor is allocated, though unemployment can still be socially inefficiently high.",{},"[""How exactly does the model reconcile a low marginal value of time with a relatively high marginal product of labor over the business cycle?"", ""What empirical evidence supports the assumption that the Frisch elasticity of labor supply is less than one in this setting?"", ""Under what mechanisms does the model generate socially inefficiently high unemployment despite privately efficient labor allocation?""]",agree,0,,2026-04-12 20:20:56,v1,codex-cli,[],[],2026-04-12 20:20:56
199,Returns to Research and Development Expenditures in the Private Sector,Zvi Griliches,preprint,96EPRAC3,,,Cyclicality of R&D,/Users/pedro/Documents/Projects/papers/cyclicality/references/Returns to Research and Development Expenditures in the Private Sector.pdf,"This preprint examines historical data on company research and development spending alongside information from multiple Census sources. It focuses on large U.S. manufacturing firms and studies how their R&D activity relates to private-sector returns on R&D expenditure. The source text indicates a firm-level empirical analysis but does not provide specific methods, estimates, or findings.",{},"[""What empirical method does the paper use to estimate returns to R&D expenditure among large U.S. manufacturing firms?"", ""What magnitude of returns to R&D does the paper find, and how do these compare across firms or industries?"", ""How are Census inquiry data combined with company R&D expenditure data, and what measurement limitations arise from these sources?""]",agree,0,,2026-04-12 20:22:56,v1,codex-cli,[],"[""R&D"", ""Expenditures"", ""Productivity""]",2026-04-12 20:22:56
192,Schumpeterian Cycles with Procyclical R&D,"Patrick Francois, Huw Lloyd-Ellis",preprint,23SFHWPC,,,Cyclicality of R&D,/Users/pedro/Documents/Projects/papers/cyclicality/references/Schumpeterian Cycles with Procyclical R&D.pdf,"The excerpt argues that recent evidence of procyclical R&D spending does not necessarily contradict Schumpeterian business-cycle theories. Although such theories are often associated with the idea that downturns can favor reallocating labor toward innovation, the authors claim that at least one Schumpeterian framework can still produce procyclical R&D. The passage is programmatic, so the specific mechanism is not provided here.",{},"[""What specific mechanism in the authors' Schumpeterian model generates procyclical R&D spending?"", ""How does the model reconcile procyclical R&D with the idea that downturns may free labor for innovative activity?"", ""What empirical patterns beyond non-credit-constrained firms does the paper use to validate its interpretation?""]",agree,0,,2026-04-12 20:22:10,v1,codex-cli,"[""E32"", ""O31"", ""O40""]","[""Endogenous growth"", ""Endogenous cycles"", ""Research and development"", ""Commercialization""]",2026-04-12 20:22:10
117,Schumpeterian Foundations of Real Business Cycles,Galo Nuño Barrau,report,3IZS4LQ7,,http://ideas.repec.org/p/pra/mprapa/9430.html,Cyclicality of R&D,/Users/pedro/Documents/Projects/papers/cyclicality/references/Schumpeterian Foundations of Real Business Cycles.pdf,"The paper proposes a dynamic stochastic general equilibrium model that embeds Schumpeterian ideas about growth and business cycles within a real business cycle framework. Technological progress arises through vertical innovations introduced by entrepreneurs and financed by banks, and the model is estimated for the U.S. economy using Bayesian methods. The results suggest that this endogenous innovation mechanism produces volatility, correlations, and impulse responses similar to standard RBC technology shocks, while also adding technology catch-up dynamics that shape convergence to the steady state.",{},"[""How central is bank financing to the model\u2019s innovation dynamics, and how sensitive are the results to alternative financial frictions?"", ""What specific structural parameters are estimated for the U.S. economy, and how precisely are they identified in the Bayesian estimation?"", ""How do the model\u2019s technology catch-up mechanisms alter transitional dynamics compared with standard exogenous-shock RBC models?""]",agree,0,,2026-04-12 20:13:48,v1,codex-cli,"[""C50"", ""E27"", ""O40""]",[],2026-04-12 20:13:48
145,Schumpeterian Growth and Endogenous Business Cycles,"Kerk L Phillips, Jeff Wrase",journalArticle,SK5VEXRY,10.2139/ssrn.187108,https://doi.org/10.2139/ssrn.187108,Cyclicality of R&D,/Users/pedro/Documents/Projects/papers/cyclicality/references/Schumpeterian Growth and Endogenous Business Cycles.pdf,"The source text presents Schumpeterian, or quality-ladders, dynamic general equilibrium models as a useful framework for studying economic growth and fluctuations. It emphasizes that these models are both intuitively appealing and rigorously microfounded. Growth is described as endogenous, driven by firms’ efforts to innovate, move up the quality ladder, and obtain temporary monopoly profits. The excerpt does not explain the paper’s specific endogenous business-cycle mechanism in detail.",{},"[""What specific mechanism in the paper links Schumpeterian innovation dynamics to endogenous business cycles rather than only long-run growth?"", ""How are monopoly profits modeled over time, and what determines how long innovators retain them before being displaced?"", ""Does the model generate smooth aggregate growth alongside cyclical fluctuations, and under what parameter conditions?"", ""What roles do firm entry, innovation races, or technological obsolescence play in producing fluctuations in the model?""]",agree,0,,2026-04-12 20:16:51,v1,codex-cli,"[""E32"", ""O30"", ""O40""]","[""Schumpeterian growth"", ""endogenous business cycles"", ""dynamic general equilibrium models""]",2026-04-12 20:16:51
40,Schumpeterian cycles with pro-cyclical R&amp;D,", Patrick Francois, , Huw Lloyd-Ellis",journalArticle,D5ZTJ27W,10.1016/j.red.2009.02.004,https://doi.org/10.1016/j.red.2009.02.004,Cyclicality of R&D,,"The excerpt argues that procyclical R&D spending is not necessarily inconsistent with Schumpeterian business-cycle theory. It claims that once R&D is distinguished from other innovative activities, its tendency to rise in booms can be explained by three features: heavy reliance on implemented knowledge, long-term and uncertain payoffs, and diminishing returns over time. The excerpt presents this as a theoretical reconciliation of empirical findings that R&D remains procyclical even among firms that are not credit-constrained.",{},"[""How does the full model formally show that implemented knowledge makes R&D expenditure rise during expansions rather than downturns?"", ""How do the long-term and uncertain applications of R&D alter the cyclical timing of innovative investment in the authors' framework?"", ""What role do diminishing returns over time play quantitatively in generating procyclical R&D?"", ""Does the paper provide empirical tests that distinguish this mechanism from alternative explanations such as financing frictions or demand-driven investment cycles?""]",agree,0,,2026-04-12 20:05:45,v1,codex-cli,,,2026-04-12 20:05:45
43,Simultaneous innovation and the cyclicality of R&amp;D,", Miroslav Gabrovski",journalArticle,IWH3SZ62,10.1016/j.red.2019.09.002,https://doi.org/10.1016/j.red.2019.09.002,Cyclicality of R&D,,"The paper addresses why R&D is positively correlated with output but only mildly pro-cyclical, a pattern not fully explained by prior models. It builds a stochastic expanding-variety endogenous growth model in which multiple firms can independently achieve the same innovation at the same time. These simultaneous innovations are assumed to be higher quality on average and to expand the economy’s knowledge stock more, which weakens the otherwise near-perfect link between output and R&D. The calibrated model reportedly replicates observed cyclical features of R&D.",{},"[""What empirical evidence supports the claim that simultaneous innovations are systematically higher quality and contribute more to knowledge-stock growth?"", ""How sensitive are the model\u2019s cyclical results to the specific assumption linking the number of simultaneous innovators to innovation quality?"", ""Would the model still generate mild pro-cyclicality under alternative patent, competition, or market-structure assumptions?"", ""What aspects of the calibration drive the close match to observed R&D cyclicality, and are those parameters independently well identified?""]",agree,0,,2026-04-12 20:06:00,v1,codex-cli,,,2026-04-12 20:06:00
148,Some Macroeconomic Implications of an Information Age ¤,Thomas F Cooley,journalArticle,JCRBJSV3,,,Cyclicality of R&D,/Users/pedro/Documents/Projects/papers/cyclicality/references/Some Macroeconomic Implications of an Information Age.pdf,"The paper examines how an information technology revolution shapes productivity, income distribution, and welfare in a dynamic general equilibrium setting. Its framework highlights three core properties of information: it is relatively cheap compared with other inputs, it can be reused at near-zero marginal cost once produced, and its production relies heavily on human capital. The source text is highly compressed, so the paper's specific mechanisms and quantitative results are not provided and must be inferred cautiously.",{},"[""How does the model translate information's near-zero marginal use cost into aggregate productivity gains over time?"", ""Does the framework imply that human-capital-intensive information production raises the skill premium or otherwise changes income inequality?"", ""What welfare tradeoffs emerge between groups that produce information and those that mainly use it?"", ""What assumptions determine whether the information technology revolution generates broad-based gains versus concentrated benefits?""]",agree,0,,2026-04-12 20:17:09,v1,codex-cli,[],[],2026-04-12 20:17:09
159,"TECHNOLOGY, CONVERGENCE AND BUSINESS CYCLES",Galo Nuño,journalArticle,MFVY6HMM,10.2139/ssrn.1484651,https://doi.org/10.2139/ssrn.1484651,Cyclicality of R&D,/Users/pedro/Documents/Projects/papers/cyclicality/references/Technology Convergence and Business Cycles.pdf,"The paper embeds Schumpeterian endogenous growth in a general equilibrium model to jointly analyze innovation, technology adoption, and macroeconomic fluctuations. It is calibrated to match stylized facts including U.S. firm entry and survival patterns and observed upper bounds on cross-country convergence rates. The paper also proposes a revised definition of a technology shock and argues that this broader framework gives a plausible account of growth dynamics and responses to technological arrivals.",{},"[""How is the paper's revised technology shock defined relative to the standard benchmark, both theoretically and quantitatively?"", ""What mechanisms in the model generate the observed U.S. firm entry and survival patterns?"", ""How does the framework explain maximum cross-country convergence rates, and what limits faster convergence?"", ""Do the results distinguish the separate roles of innovation versus adoption in driving business-cycle fluctuations?""]",agree,0,,2026-04-12 20:18:20,v1,codex-cli,,,2026-04-12 20:18:20
10,Technology (and policy) shocks in models of endogenous growth,"Larry E Jones, Rodolfo E Manuelli, Ennio Stacchetti",report,4FZAPTXA,,http://ideas.repec.org/p/fip/fedmsr/281.html,Cyclicality of R&D,/Users/pedro/Documents/Projects/papers/cyclicality/references/Technology and Policy Shocks in Models of Endogenous Growth.pdf,"The report studies how uncertainty in technology fundamentals and policy influences long-run growth in endogenous growth models. It finds that higher volatility can either raise or lower average growth, depending crucially on the curvature of the utility function. Quantitatively, moving from certainty to empirically plausible cross-country uncertainty increases growth, but by too little to explain the large growth differences observed across countries. The paper also concludes that preference curvature strongly affects the variability of stationary outcomes such as the consumption-output ratio and hours worked.",{},"[""How does the curvature of the utility function determine whether volatility in fundamentals and policy increases or decreases mean growth?"", ""Why do empirically plausible increases in uncertainty raise growth by too little to explain observed cross-country differences in average growth rates?"", ""Through what mechanisms does preference curvature alter the variability of the consumption-output ratio and hours worked?""]",agree,0,,2026-04-12 20:02:14,v1,codex-cli,[],[],2026-04-12 20:02:14
141,Technology Diffusion and Aggregate Dynamics,"David Andolfatto, Gm Glenn MacDonald",journalArticle,QHQIGX55,10.1006/redy.1998.0018,http://www.sciencedirect.com/science/article/pii/S1094202598900187,Cyclicality of R&D,/Users/pedro/Documents/Projects/papers/cyclicality/references/Technology Diffusion and Aggregate Dynamics.pdf,"The paper builds a macroeconomic model in which aggregate growth and business-cycle-like fluctuations emerge endogenously from the discovery and diffusion of new technologies rather than from exogenous aggregate shocks. Using post-war U.S. data to estimate preferences, production, and learning parameters, the authors show the model can reproduce observed growth and fluctuation patterns. They argue that post-war dynamics are explained by variation in how much new technologies improve on existing methods and how difficult they are to acquire, with slower recent growth reflecting innovations that are either less transformative or less broadly applicable. Supporting evidence from engineering Ph.D. shares, patent applications, and schooling is presented as consistent with increasing technological specificity and proprietariness.",{},"[""How robust are the model's conclusions to alternative measures of technology diffusion and acquisition difficulty beyond the proxies used here?"", ""What mechanisms drive the implied negative trend in technological dispersion, and does that trend persist in later data beyond the post-war sample?"", ""How well can the model distinguish between slower growth caused by less broadly applicable innovations versus slower diffusion due to greater technological specificity and proprietary barriers?""]",agree,0,,2026-04-12 20:16:23,v1,codex-cli,"[""E13"", ""O4""]",[],2026-04-12 20:16:23
116,Technology Innovation and Diffusion as Sources of Output and Asset Price Fluctuations,"Diego Comin, Mark Gertler, Ana Maria Santacréu",report,BUCNUL2X,,http://ideas.repec.org/p/nbr/nberwo/15029.html,Cyclicality of R&D,,"The paper develops a macroeconomic model in which shocks to an economy's future growth potential are a major source of business cycle fluctuations. Unlike broader ""news shock"" approaches, it ties expectation revisions to fundamentals governing the technology frontier and emphasizes that reaching the frontier requires costly technology adoption. This adoption mechanism helps explain why positive growth news raises current hours, contributes substantially to output fluctuations in post-1984 data, and generates plausible stock price dynamics. The authors also argue that endogenous adoption amplifies the effects of other shocks.",{},"[""How sensitive are the paper's output and stock price results to alternative specifications of technology adoption costs?"", ""What empirical evidence most directly validates the model's claim that positive growth-potential news raises current hours through costly adoption?"", ""How does the model perform outside the post-1984 sample, especially in earlier periods with different diffusion dynamics?"", ""Which types of non-innovation shocks are most strongly amplified by the endogenous adoption mechanism?""]",agree,0,,2026-04-12 20:13:41,v1,codex-cli,,,2026-04-12 20:13:41
100,Technology Shocks in the New Keynesian Model,Peter N Ireland,journalArticle,7FX5QNAX,10.1162/0034653043125158,http://ideas.repec.org/a/tpr/restat/v86y2004i4p923-936.html,Cyclicality of R&D,/Users/pedro/Documents/Projects/papers/cyclicality/references/Technology Shocks in the New Keynesian Model.pdf,"The paper estimates a New Keynesian model using maximum likelihood on postwar U.S. data to assess the sources of aggregate fluctuations. It finds that preference, cost-push, and monetary shocks matter more than technology shocks in explaining movements in output, inflation, and interest rates. This weakens the model's connection to its real-business-cycle roots and implies that monetary policymakers often confronted difficult trade-offs.",{},"[""How sensitive are the estimated contributions of preference, cost-push, and monetary shocks to the specific maximum-likelihood specification of the New Keynesian model?"", ""Do these findings hold across different postwar subsamples or under alternative measures of output, inflation, and interest rates?"", ""What specific monetary policy trade-offs emerge when non-technology shocks dominate aggregate fluctuations?""]",agree,0,,2026-04-12 20:12:30,v1,codex-cli,[],[],2026-04-12 20:12:30
176,Tests of a Schumpeterian Model of R&D and Market Structure,"Richard C. Levin, Peter C. Reiss",preprint,BKUKS4TK,,,Cyclicality of R&D,/Users/pedro/Documents/Projects/papers/cyclicality/references/Tests of a Schumpeterian Model of R&D and Market Structure.pdf,"The source text describes a Schumpeterian view of innovation as jointly shaped by and shaping market structure. It emphasizes two linked mechanisms: seller concentration affects the appropriability of R&D, while innovation feeds back onto market structure through creative destruction. Any market power created by innovation is presented as temporary because rival innovation and imitation erode it.",{},"[""How exactly does seller concentration affect firms' ability to appropriate returns from R&D in this framework?"", ""What mechanisms determine how long innovation-generated market power persists before imitation or rival innovation erodes it?"", ""Under what market conditions does R&D most strongly reshape market structure through creative destruction?""]",agree,0,,2026-04-12 20:20:18,v1,codex-cli,[],[],2026-04-12 20:20:18
155,"The B . E . Journal of Economic Analysis & Policy Topics Innovation , Imitation and Competition",Wen Zhou,journalArticle,2GA6I5KN,,,Cyclicality of R&D,/Users/pedro/Documents/Projects/papers/cyclicality/references/Innovation Imitation and Competition.pdf,"The source states that imitation can sometimes promote rather than suppress innovation. It says this result, previously known in a general equilibrium setting, also appears in a standard oligopoly model where one firm innovates and rival firms copy a fraction of the innovation at no cost. The core conclusion is that competition weakens innovation incentives, but strong imitation under moderate competition can increase them.",{},"[""How large must the imitated fraction be before imitation shifts from discouraging to encouraging innovation?"", ""What range of market competition counts as \""moderate\"" in the model, and how sensitive is the result to that threshold?"", ""How does the result differ between the general equilibrium framework cited from Aghion et al. (1997) and the paper's oligopoly model?"", ""What assumptions about costs, market structure, or firm behavior are necessary for imitation to stimulate innovation?""]",agree,0,,2026-04-12 20:17:55,v1,codex-cli,[],"[""innovation"", ""imitation"", ""competition"", ""intellectual property protection""]",2026-04-12 20:17:55
133,The Cost of Business Cycles Under Endogenous Growth,Gadi Barlevy,journalArticle,BHVT6QM6,10.1257/0002828042002615,https://doi.org/10.1257/0002828042002615,Cyclicality of R&D,/Users/pedro/Documents/Projects/papers/cyclicality/references/The Cost of Business Cycles under Endogenous Growth.pdf,"Barlevy argues that Lucas's conclusion that business-cycle stabilization yields negligible welfare gains is incomplete because it ignores effects on consumption growth. The paper claims aggregate fluctuations can lower the growth rate of consumption even from the same initial level, which greatly increases the welfare cost of cycles. The abstract reports empirical evidence suggesting these welfare losses are substantial, roughly two orders of magnitude larger than Lucas's original estimates.",{},"[""What specific mechanisms cause aggregate fluctuations to lower the long-run growth rate of consumption in the model?"", ""How is the empirical estimate that welfare costs are roughly two orders of magnitude above Lucas's benchmark identified and calibrated?"", ""How sensitive are the paper's welfare estimates to alternative assumptions about endogenous growth and consumer preferences?""]",agree,0,,2026-04-12 20:15:29,v1,codex-cli,[],[],2026-04-12 20:15:29
169,The Economics of Follow-On Drug Research and Development: Trends in Entry Rates and the Timing of Development ??? The Authors?? Reply,"Joseph a. DiMasi, Cherie Paquette",journalArticle,WYG55RU3,10.2165/00019053-200523120-00003,https://doi.org/10.2165/00019053-200523120-00003,Cyclicality of R&D,/Users/pedro/Documents/Projects/papers/cyclicality/references/The Economics of Follow-on Drug Research and Development Trends in Entry Rates and the Timing of Development.pdf,"The article examines whether follow-on (""me-too"") drugs are wasteful imitations or part of a competitive innovation process in pharmaceuticals. Using data on entry rates across many therapeutic classes and the timing of development milestones, the authors find that the market exclusivity period for first-in-class drugs fell sharply from a median of 10.2 years in the 1970s to 1.2 years by the late 1990s. They also report that about one-third of follow-on drugs received FDA priority review and that most follow-on products in newer classes were already in clinical development before the first-in-class drug was approved. The authors conclude that drug development is better described as parallel development races than as simple post hoc imitation.",{},"[""What specific supply-side and demand-side changes most strongly drove the decline in first-in-class marketing exclusivity over time?"", ""How do patient outcomes and therapeutic differentiation compare between priority-rated follow-on drugs and breakthrough drugs within the same class?"", ""To what extent does faster follow-on entry translate into meaningful price competition or affordability gains for patients?"", ""How sensitive are these findings to how therapeutic classes are defined by chemical structure, pharmacologic action, and clinical use?""]",agree,0,,2026-04-12 20:19:28,v1,codex-cli,[],[],2026-04-12 20:19:28
111,The Financing of R&amp;D and Innovation,", Bronwyn H. Hall, , Josh Lerner",journalArticle,Z667D9S4,10.1016/s0169-7218(10)01014-2,https://doi.org/10.1016/s0169-7218(10)01014-2,Cyclicality of R&D,,"This survey reviews evidence on the innovation financing ""funding gap,"" emphasizing financial-market sources of underinvestment even when spillover-related externalities are set aside. It finds that small and young innovative firms face especially high capital costs, with venture capital providing only partial relief. For large firms, evidence of unusually high R&D financing costs is mixed, but these firms still tend to rely on internal funds and actively manage cash flow to preserve that financing capacity. The paper also argues that venture capital is a limited solution where public equity markets are weak, reducing viable exit opportunities.",{},"[""What specific financial frictions most strongly drive the high cost of capital for small and new innovative firms relative to larger incumbents?"", ""Under what conditions does internal-funds dependence in large established firms distort the scale, timing, or risk profile of R&D investment?"", ""How much does the effectiveness of venture capital depend on the development of public equity markets and other exit channels across countries?""]",agree,0,,2026-04-12 20:13:16,v1,codex-cli,,,2026-04-12 20:13:16
104,The Financing of Research and Development,", Bronwyn H. Hall",journalArticle,2G3INK9X,10.1093/oxrep/18.1.35,https://doi.org/10.1093/oxrep/18.1.35,Cyclicality of R&D,,"The source text highlights four core claims about R&D financing: there is evidence of a funding gap, R&D carries high costs, venture capital has important limits as a remedy, and government seed capital or subsidy programs merit further quasi-experimental evaluation. It specifically notes that venture capital is less effective where public equity markets are underdeveloped. Because the excerpt is very short, details on mechanisms and evidence are missing and should be inferred cautiously.",{},"[""What specific evidence does the full paper provide to establish the existence and magnitude of the R&D funding gap?"", ""Which components of R&D cost are emphasized in the paper, and how do they differ from other forms of investment?"", ""Why does the paper judge venture capital to be insufficient, especially in countries with less developed public equity markets?"", ""What kinds of governmental seed capital and subsidy programs does the paper propose studying with quasi-experimental methods?""]",agree,0,,2026-04-12 20:12:47,v1,codex-cli,,,2026-04-12 20:12:47
162,The Impact of Financial Structure on Firms' Financial Constraints: A Cross-Country Analysis,"Christopher F. Baum, Dorothea Schaefer, Oleksandr Talavera",journalArticle,CVHITXTM,10.2139/ssrn.1431344,http://www.ssrn.com/abstract=1431344,Cyclicality of R&D,/Users/pedro/Documents/Projects/papers/cyclicality/references/The Impact of Financial Structure on Firms Financial Constraints A Cross-Country Analysis.pdf,"The paper tests how national financial-system characteristics affect firms' financial constraints by estimating cash flow sensitivity. Using roughly 80,000 firm-years from 1989 to 2006 across countries, it finds that both financial-system structure and overall financial development matter. The main reported result is that bank-based systems appear to provide constrained firms with easier access to external finance.",{},"[""How is cash flow sensitivity operationalized, and what specific estimation strategy is used to identify financial constraints?"", ""Which firms are classified as financially constrained, and do results differ by firm size, age, or industry?"", ""How are financial-system structure and development measured across countries, and are the findings robust to alternative indicators?"", ""What mechanisms explain why bank-based systems appear to ease external financing access for constrained firms?""]",agree,0,,2026-04-12 20:18:40,v1,codex-cli,"[""G32"", ""G30""]","[""financial constraints"", ""financial system"", ""cash flow sensitivity of cash""]",2026-04-12 20:18:40
109,The Innovation Gap in Pharmaceutical Drug Discovery and New Models for R&D Success,"Michael Hu, Karl Schultz, Jack Sheu, Daniel Tschopp",report,D84TYGA9,,,Cyclicality of R&D,/Users/pedro/Documents/Projects/papers/cyclicality/references/The Innovation Gap in Pharmaceutical Drug Discovery New Models for R&D Success.pdf,"The report argues that pharmaceutical drug discovery faces an innovation gap: R&D spending has increased substantially while annual new-drug approvals have stayed roughly flat over the past decade. It presents this as a productivity crisis in conventional pharmaceutical R&D and outlines alternative models intended to improve outcomes. The proposed approaches include outsourcing structures in which research follows development, cooperative platform technology development, and open-source innovation.",{},"[""What evidence shows that having research follow development in outsourcing improves R&D productivity versus traditional in-house discovery models?"", ""Under what conditions can cooperative platform technology development generate more successful drug candidates or approvals?"", ""How effective is open-source innovation in pharmaceutical discovery, and what organizational or incentive barriers limit its use?""]",agree,0,,2026-04-12 20:13:08,v1,codex-cli,[],"[""pharmaceutical drug discovery"", ""innovation gap"", ""R&D productivity""]",2026-04-12 20:13:08
144,The Marginal Products of Residential and Non-Residential Capital Through 2009,Casey B Mulligan,journalArticle,EW63Y7G9,10.3386/w15897,https://doi.org/10.3386/w15897,Cyclicality of R&D,/Users/pedro/Documents/Projects/papers/cyclicality/references/The Marginal Products of Residential and Non-Residential Capital Through 2009.pdf,"The paper estimates annual and quarterly U.S. marginal products of capital (MPK) separately for residential and non-residential sectors through 2009. It argues these estimates are useful for forecasting growth, testing business-cycle theories, and informing cost-benefit analysis. The two sectoral MPKs moved together until the 2000s, when residential MPK fell during the housing boom and rose during the bust, returning by late 2009 to its 1990s level. Over the Great Recession, non-residential MPK dropped from historically high to historically low levels before recovering much of the decline.",{},"[""What measurement approach and data sources were used to construct annual and quarterly residential versus non-residential MPK estimates?"", ""What mechanisms explain the post-2000 divergence between residential and non-residential MPK, especially during the housing boom and bust?"", ""How large was the non-residential MPK recovery after the Great Recession relative to its pre-crisis historical range?""]",agree,0,,2026-04-12 20:16:44,v1,codex-cli,"[""E22"", ""O47""]",[],2026-04-12 20:16:44
110,The NBER-CES manufacturing industry database,"E Bartelsman, R Becker, W Gray",journalArticle,PDG82DNA,,,Cyclicality of R&D,,,"{""dimension_i"":"""",""dimension_ii"":"""",""dimension_iii"":"""",""dimension_iv"":""""}",,,0,,,,,,,2026-04-10 11:12:29
126,The Return to Capital and the Business Cycle,"Paul Gomme, Peter Rupert",journalArticle,3KKIAL48,10.2139/ssrn.890353,https://doi.org/10.2139/ssrn.890353,Cyclicality of R&D,/Users/pedro/Documents/Projects/papers/cyclicality/references/The Return to Capital and the Business Cycle.pdf,"The excerpt states that the paper measures the return to business capital directly from NIPA data and uses that measure to evaluate implications of the real business cycle model. It constructs a quarterly series for the after-tax return to business capital and finds that this return is much less volatile than S&P 500 returns. The excerpt does not provide further detail on methodology, sample period, or broader theoretical conclusions.",{},"[""How exactly is the after-tax return to business capital constructed from NIPA data, including treatment of depreciation, taxes, and capital gains?"", ""What implications does the lower volatility of measured business-capital returns have for the empirical validity of standard real business cycle models?"", ""Over what sample period is the quarterly return series measured, and how stable is the volatility comparison across subperiods?""]",agree,0,,2026-04-12 20:14:45,v1,codex-cli,[],[],2026-04-12 20:14:45
119,The Scarring Effect of Recessions,Min Ouyang,report,R4TTF8Z2,,http://ideas.repec.org/p/sce/scecf5/205.html,Cyclicality of R&D,/Users/pedro/Documents/Projects/papers/cyclicality/references/The Scarring Effect of Recessions.pdf,"The paper argues against the standard Schumpeterian view that recessions improve efficiency by eliminating weak firms. It proposes a countervailing ""scarring"" effect in which downturns reduce profitability, weaken learning about firm quality, and cause potentially productive firms to exit. Using a vintage model with learning and calibration to U.S. manufacturing job-flow data, the study finds that scarring likely outweighs cleansing. This helps explain why average labor productivity is procyclical and why recession-era job creation is often short-lived.",{},"[""How sensitive is the estimated dominance of the scarring effect to the model's calibration choices and assumptions about learning?"", ""Would the scarring effect be equally strong outside U.S. manufacturing, such as in services or technology sectors?"", ""What policies could preserve potentially good firms during recessions without also protecting persistently unproductive ones?""]",agree,0,,2026-04-12 20:14:01,v1,codex-cli,"[""E32"", ""L16"", ""C61""]","[""Business Cycles"", ""Cleansing Effect"", ""Scarring Effect"", ""Creative Destruction"", ""Learning"", ""Job Flows""]",2026-04-12 20:14:01
118,The Theory of Endogenous Market Structures: A Survey,Federico Etro,report,PEU8C564,,http://ideas.repec.org/p/ven/wpaper/2012_11.html,Cyclicality of R&D,/Users/pedro/Documents/Projects/papers/cyclicality/references/The Theory of Endogenous Market Structures A Survey.pdf,"The text argues that most real-world markets are dominated by a small number of large firms whose production, investment, and entry decisions interact strategically, making standard models of perfect or monopolistic competition inadequate. It presents the theory of Endogenous Market Structures (EMS) as a framework in which firms' strategies influence entry, entry influences strategies, and equilibrium outcomes are ultimately determined by underlying technology and preference conditions. The framework is used to explain how the number of active firms, their strategic choices, and their responses to policy or structural shocks can be understood in both static and dynamic settings.",{},"[""How does the EMS framework formally determine the equilibrium number of firms under different technological and demand conditions?"", ""Which specific firm strategies most strongly shape entry dynamics in EMS models, such as pricing, investment, or capacity choice?"", ""How do policy shocks propagate through EMS models differently in partial equilibrium versus general equilibrium settings?""]",agree,0,,2026-04-12 20:13:54,v1,codex-cli,"[""L1"", ""E20"", ""E32"", ""F12""]","[""Endogenous entry"", ""oligopoly"", ""sunk costs"", ""general equilibrium""]",2026-04-12 20:13:54
98,The anatomy of standard DSGE models with financial frictions,"Micha\l Brzoza-Brzezina, Marcin Kolasa, Krzysztof Makarski",journalArticle,ILL9ZYB2,10.1016/j.jedc.2012.06.008,http://linkinghub.elsevier.com/retrieve/pii/S0165188912001443,Cyclicality of R&D,/Users/pedro/Documents/Projects/papers/cyclicality/references/The Anatomy of Standard DSGE Models with Financial Frictions.pdf,"The paper analyzes standard DSGE models that incorporate financial frictions and examines how those frictions shape macroeconomic dynamics and policy responses. Based on the provided text, it is a conceptual or model-based treatment focused on the role of financial frictions within a standard DSGE framework. The source text does not specify the exact frictions, model structure, or substantive conclusions, so interpretation should remain cautious.",{},"[""Which specific financial frictions are analyzed in the DSGE models, such as collateral constraints, costly state verification, or bank balance-sheet effects?"", ""How do the modeled financial frictions change the transmission of shocks and the economy\u2019s dynamic adjustment relative to frictionless DSGE benchmarks?"", ""What implications do the authors derive for monetary or macroprudential policy once financial frictions are introduced?""]",agree,0,,2026-04-12 20:12:16,v1,codex-cli,"[""E24"", ""F41"", ""G10""]","[""DSGE models"", ""financial frictions"", ""policy analysis""]",2026-04-12 20:12:16
70,The cyclical behavior of R&amp;D investment during the Great Recession,", Zeynep Kabukcuoglu",journalArticle,CQD5I3RA,10.1007/s00181-017-1358-7,https://doi.org/10.1007/s00181-017-1358-7,Cyclicality of R&D,,"The paper analyzes how R&D investment behaved during the Great Recession, treating that period as a natural case to study cyclicality while reducing endogeneity concerns. Using firm-level data on non-federally funded high-technology firms in the United States, it finds that firms without bond ratings exhibited more procyclical R&D investment than firms with bond ratings, consistent with tighter credit constraints. It also compares other investment margins and finds that unrated firms adjusted inventories more quickly than capital or R&D after negative shocks.",{},"[""How exactly does the paper operationalize credit constraints beyond bond-rating status, and are the results robust to alternative measures?"", ""Do the procyclical R&D patterns differ across high-technology industries or firm size categories within the sample?"", ""What are the longer-run innovation or productivity consequences of slower adjustment in R&D relative to inventories during recessions?""]",agree,0,,2026-04-12 20:09:11,v1,codex-cli,,,2026-04-12 20:09:11
39,The cyclicality of R&amp;D investment revisited,", Hans van Ophem, , Noud P.A. van Giersbergen, , Kees Jan van Garderen, , Maurice J.G. Bun",journalArticle,GPR6ZZ7Q,10.1002/jae.2667,https://doi.org/10.1002/jae.2667,Cyclicality of R&D,,"The paper re-examines prior claims that firm R&D investment is procyclical by reconciling and replicating the approaches of Barlevy (2007) and Fabrizio and Tsolmon (2014). The authors argue that Fabrizio and Tsolmon's treatment of missing R&D observations as zeros induces implausible jumps in investment series and may distort inferred trends. Using a unified modeling framework and more careful handling of missing data, they still confirm procyclicality, but find substantially less heterogeneity than previously reported. In the revised results, obsolescence and patent effectiveness no longer appear important, while external financing remains important.",{},"[""How sensitive are estimates of R&D procyclicality to different treatments of missing firm-level R&D observations?"", ""Why does external financing remain a significant source of heterogeneity after reconciliation, while obsolescence and patent effectiveness do not?"", ""To what extent do the reconciled findings depend on the specific model extensions used to unify Barlevy (2007) and Fabrizio and Tsolmon (2014)?""]",agree,0,,2026-04-12 20:05:38,v1,codex-cli,,,2026-04-12 20:05:38
69,The determinants of R&D investment: A survey of the empirical research,", Bettina Becker",journalArticle,2AIGEFZ9,,,Cyclicality of R&D,,"This paper surveys and critically discusses empirical research on the determinants of R&D investment. It reviews evidence on product-market competition, R&D location, and resource-related drivers such as university spillovers, research joint ventures, cooperation with research centres, human capital in knowledge workers, and spillovers from foreign R&D. The survey finds broad agreement on the effects of most factors, but also notes conflicting results across studies. It suggests that modelling non-linear relationships may help reconcile these contradictions.",{},"[""Which specific determinants of R&D investment show the greatest inconsistency across empirical studies, and under what conditions do results diverge?"", ""How do non-linear effects between product-market competition and R&D investment vary across industries or firm types?"", ""To what extent do geographically proximate university spillovers and cooperation with research centres complement or substitute for each other in shaping R&D investment?"", ""How important are foreign R&D spillovers relative to domestic human-capital and location-based factors in explaining firm R&D decisions?""]",agree,0,,2026-04-12 20:09:03,v1,codex-cli,,,2026-04-12 20:09:03
140,The impact of venture capital on innovation behaviour and firm growth,Michael Peneder,journalArticle,INHZV249,10.1080/13691061003643250,http://www.tandfonline.com/doi/abs/10.1080/13691061003643250,Cyclicality of R&D,/Users/pedro/Documents/Projects/papers/cyclicality/references/The Impact of Venture Capital on Innovation.pdf,"This paper examines how venture capital affects firm performance using a two-stage propensity score matching design on Austrian micro-data. After controlling for firm and market characteristics, it finds evidence for three roles of venture capital: filling financing gaps for firms without satisfactory alternatives, selecting firms with strong performance potential, and causally increasing firm growth. However, the study does not find a causal effect of venture capital on innovation output.",{},"[""Why does venture capital appear to increase firm growth without producing a measurable increase in innovation output in this Austrian sample?"", ""How robust are the identified financing, selection, and value-adding effects across other countries or institutional settings?"", ""Which specific mechanisms within venture capital involvement drive firm growth if innovation output does not increase?""]",agree,0,,2026-04-12 20:16:15,v1,codex-cli,[],"[""venture capital"", ""innovation"", ""patents""]",2026-04-12 20:16:15
77,The importance of equity finance for R&amp;D activity,", Elisabeth Müller, , Volker Zimmermann",journalArticle,SA2QSZFN,10.1007/s11187-008-9098-x,https://doi.org/10.1007/s11187-008-9098-x,Cyclicality of R&D,,"This article studies whether equity finance supports R&D activity in small- and medium-sized enterprises, using survey data on nearly 6,000 German SMEs. The authors find that higher equity ratios are associated with greater R&D intensity, using district-level banking competition as an instrument to address endogeneity. The results suggest firms need sufficient internal financial resources to sustain R&D through completion, and the effect of equity is especially strong for young firms with limited retained earnings and weaker access to bank finance.",{},"[""How strong is the causal effect of equity finance on the decision to start R&D versus the intensity of ongoing R&D?"", ""Why does banking competition provide valid exogenous variation in equity ratios, and what limitations does this instrument have?"", ""How do the effects of equity finance differ across SME sectors, especially between asset-light and asset-heavy firms?"", ""Do the stronger equity effects for young firms persist as firms mature and accumulate retained earnings?""]",agree,0,,2026-04-12 20:10:00,v1,codex-cli,,,2026-04-12 20:10:00
108,The influence of demand and supply side pressures on the quantity and quality of inventive activity,"Derek Bosworth, Tony Westaway",journalArticle,CQ3W3B7H,10.1080/00036848400000012,http://www.tandfonline.com/doi/abs/10.1080/00036848400000012,Cyclicality of R&D,,,"{""dimension_i"":"""",""dimension_ii"":"""",""dimension_iii"":"""",""dimension_iv"":""""}",,,0,,,,,,,2026-04-10 11:12:29
136,The role of investment-specific technological change in the business cycle,", Jeremy Greenwood, , Zvi Hercowitz, , Per Krusell",journalArticle,B66NTT6N,10.1016/s0014-2921(98)00058-0,https://doi.org/10.1016/s0014-2921(98)00058-0,Cyclicality of R&D,/Users/pedro/Documents/Projects/papers/cyclicality/references/The Role of Investment-Specific Technological Change in the Business Cycle.pdf,"The paper examines how technological change embodied in new investment goods affects postwar U.S. aggregate fluctuations. Using a calibrated growth model and the relative price of new equipment to identify investment-specific technology shocks, the authors estimate that these shocks explain about 30 percent of output fluctuations. The source text does not provide further detail on alternative mechanisms or robustness checks, so conclusions should be read as limited to the model and identification strategy described.",{},"[""How sensitive is the estimated 30 percent contribution to the use of equipment prices as the identification strategy for investment-specific technology shocks?"", ""How does the model's estimate compare with the contribution of neutral productivity shocks in explaining postwar U.S. business cycles?"", ""Does the importance of investment-specific technological change vary across subperiods within the postwar U.S. economy?""]",agree,0,,2026-04-12 20:15:47,v1,codex-cli,"[""E3"", ""O3"", ""O4""]","[""Equipment investment"", ""Technological change"", ""Business cycles""]",2026-04-12 20:15:47
103,The role of venture capital in the creation of public companies,"Christopher B Barry, Chris J Muscarella, John W Peavy III, Michael R Vetsuypens",journalArticle,8SMUNC59,,http://www.sciencedirect.com/science/article/pii/0304405X90900647,Cyclicality of R&D,/Users/pedro/Documents/Projects/papers/cyclicality/references/The Role of Venture Capital in the Creation of Public Companies Evidence from the Going-Public Process.pdf,"The paper analyzes an exhaustive sample of venture-capital-backed IPOs from 1978 to 1987 and argues that venture capitalists do more than provide financing. It finds that they specialize their investments to deliver intensive monitoring, reflected in concentrated ownership stakes, continued post-IPO holdings, and board participation. The evidence further suggests that capital markets value higher-quality monitoring, as firms backed by better monitors experience lower IPO underpricing.",{},"[""How does the paper measure the quality of venture capitalist monitoring across firms and investors?"", ""Does the analysis compare VC-backed IPOs with non-VC-backed IPOs, or only variation within VC-backed offerings?"", ""How persistent is venture capitalist involvement after the IPO, and does that post-IPO presence affect longer-run firm performance?"", ""Are lower underpricing outcomes driven specifically by monitoring quality, or could they also reflect selection into higher-quality firms?""]",agree,0,,2026-04-12 20:12:41,v1,codex-cli,[],[],2026-04-12 20:12:41
38,The symmetry and cyclicality of R&amp;D spending in advanced economies,", Norman Sedgley, , John D. Burger, , Kerry M. Tan",journalArticle,QXJKPTD3,10.1007/s00181-018-1508-6,https://doi.org/10.1007/s00181-018-1508-6,Cyclicality of R&D,,"The paper examines how macroeconomic cycles affect corporate R&D spending using a theoretical model that includes possible credit constraints and an empirical panel of 22 advanced economies. It finds that R&D spending is symmetrically procyclical, increasing in expansions and decreasing in downturns, even after controlling for credit market conditions. The authors therefore argue that credit constraints alone cannot explain the pattern, and that procyclical incentives for innovation likely also matter.",{},"[""Which non-credit-channel incentives most strongly drive the procyclical movement of R&D over the business cycle?"", ""How does the symmetric procyclicality of R&D differ across industries, firm sizes, or ownership structures within advanced economies?"", ""Would the same pattern hold in emerging economies or in countries with less developed financial systems?""]",agree,0,,2026-04-12 20:05:31,v1,codex-cli,,,2026-04-12 20:05:31
167,"Theory , Measurement and Calibration of Macroeconomic Models ∗","Paul Gomme, Peter Rupert",journalArticle,6U7YSLKB,,,Cyclicality of R&D,/Users/pedro/Documents/Projects/papers/cyclicality/references/Theory Measurement and Calibration of Macroeconomic Models.pdf,"The paper presents a methodological refinement of macroeconomic calibration rather than a new substantive macro theory. It argues that calibration should explicitly incorporate home production when constructing targets and organizing data, include investment-specific technological change because it imposes important balanced-growth restrictions, and use a transparent measurement strategy so results can be replicated. The source text does not provide empirical findings or model outcomes, so the contribution is best understood as improving calibration practice.",{},"[""How does incorporating home production quantitatively alter standard calibration targets and inferred parameter values in macro models?"", ""What specific balanced-growth restrictions arise from investment-specific technological change, and how do they affect model calibration choices?"", ""How much does a fully transparent and replicable measurement strategy change the reproducibility of published macro calibration results?""]",agree,0,,2026-04-12 20:19:12,v1,codex-cli,[],"[""calibration"", ""capital stock"", ""business cycles"", ""investment""]",2026-04-12 20:19:12
115,Three models of Schumpeterian growth and cycles,Pedro Serôdio,thesis,5LBQ6DYN,,,Cyclicality of R&D,,,"{""dimension_i"":"""",""dimension_ii"":"""",""dimension_iii"":"""",""dimension_iv"":""""}",,,0,,,,,,,2026-04-10 11:12:29
172,Uncovering Some Causal Relationships Between Productivity Growth and the Structure of Economic Fluctuations: A Tentative Survey,"Philippe Aghion, Gilles Saint-Paul",journalArticle,G9PB4K2S,10.3386/w4603,https://ideas.repec.org/a/bla/labour/v12y1998i2p279-303.html,Cyclicality of R&D,/Users/pedro/Documents/Projects/papers/cyclicality/references/Uncovering Some Causal Relationships Between Productivity Growth and the Structure of Economic Fluctuations A Tentative Survey.pdf,"This paper is a survey of the literature on interactions between business cycles and economic growth. It primarily examines how cyclical fluctuations may affect long-run growth, while also considering some reverse causality from growth to cycles. The survey compares Keynesian and Schumpeterian theories as alternative frameworks for understanding these relationships. The source text does not provide specific mechanisms, evidence, or conclusions beyond this scope.",{},"[""What specific channels do the authors identify through which business cycles influence long-run productivity growth?"", ""How does the paper characterize the reverse causality from growth to the structure of business cycles?"", ""In what ways do the Keynesian and Schumpeterian accounts differ in their predictions about recessions and growth outcomes?""]",agree,0,,2026-04-12 20:19:48,v1,codex-cli,[],[],2026-04-12 20:19:48
89,Use of the Social Relations Model by Group Therapists: Application and Commentary,Kenneth Arrow,journalArticle,2KURGJ59,10.1521/ijgp.2006.56.2.191,http://econpapers.repec.org/RePEc:nbr:nberch:2144 http://www.nber.org/chapters/c2144.pdf,Cyclicality of R&D,,"The passage defines invention broadly as the production of knowledge. It argues that, in welfare economics terms, optimal allocation of resources toward invention depends on two factors: the technological features of the inventive process and the structure of the market for knowledge. The excerpt is conceptual and does not provide further detail about either factor.",{},"[""What specific technological characteristics of the invention process most affect optimal resource allocation?"", ""How does the market structure for knowledge shape incentives to produce and distribute new knowledge?"", ""What welfare-economic criteria should be used to judge whether resource allocation for invention is optimal?""]",agree,0,,2026-04-12 20:11:15,v1,codex-cli,,,2026-04-12 20:11:15
193,Using Arellano Bond Dynamic Panel GMM Estimators in Stata Tutorial with Examples,Elitza Mileva,preprint,W82JSKXJ,,,Cyclicality of R&D,/Users/pedro/Documents/Projects/papers/cyclicality/references/Using Arellano-Bond Dynamic Panel GMM Estimators in Stata Tutorial with Examples.pdf,"This preprint is a practical tutorial on applying the Arellano-Bond dynamic panel GMM estimator in Stata using the xtabond and xtabond2 commands. It walks through the method step by step and illustrates it with an empirical example estimating how capital flows affect investment. The example uses a panel dataset covering 22 countries over 10 years. Details on findings, identification choices, and diagnostic results are not provided in the source text.",{},"[""What specific model specification is used for the investment equation, including lag structure and control variables?"", ""How do the xtabond and xtabond2 implementations differ in this application, and do they produce materially different estimates?"", ""What diagnostic tests are reported for instrument validity and serial correlation, such as Hansen/Sargan or Arellano-Bond tests?"", ""What substantive conclusion does the tutorial's example reach about the effect of capital flows on investment across the 22 countries?""]",agree,0,,2026-04-12 20:22:16,v1,codex-cli,[],"[""Arellano \u2013 Bond"", ""dynamic panel GMM"", ""Stata"", ""capital flows"", ""investment""]",2026-04-12 20:22:16
41,VIRTUES OF BAD TIMES Interaction Between Productivity Growth and Economic Fluctuations,", Philippe Aghion, , Gilles Saint-Paul",journalArticle,EMZW2PGF,10.1017/s1365100598008025,https://doi.org/10.1017/s1365100598008025,Cyclicality of R&D,,"The paper presents a model of optimal productivity growth under demand fluctuations and compares two cost structures for innovation or improvement. If productivity growth comes at the expense of current production, firms optimally shift improvement efforts into downturns, making them countercyclical. If improvement costs are independent of current production, improvement efforts instead become procyclical. The model also analyzes how fluctuation frequency and amplitude shape long-run growth, and the first hypothesis is reported as consistent with recent empirical evidence.",{},"[""How do the frequency and amplitude of demand fluctuations quantitatively affect long-run growth under each of the two cost assumptions?"", ""What mechanisms in the model make productivity-improving activity countercyclical when it reduces current production?"", ""What kinds of empirical findings are cited as supporting the first hypothesis, and in what settings were they observed?""]",agree,0,,2026-04-12 20:05:52,v1,codex-cli,,,2026-04-12 20:05:52
4,Venture Capital Backed Growth,Christian Keuschnigg,journalArticle,L5FXYKSP,10.2139/ssrn.301500,http://ideas.repec.org/a/kap/jecgro/v9y2004i2p239-261.html,Cyclicality of R&D,/Users/pedro/Documents/Projects/papers/cyclicality/references/Venture Capital Backed Growth.pdf,"The paper presents a simple equilibrium model connecting venture capital, start-up entrepreneurship, and innovation. It argues that venture capitalists create value through both financing and advisory support to new firms. The model implies that a productive, active venture capital sector can raise innovation-led growth, and that tax policy may further stimulate growth by encouraging more intensive venture capital involvement.",{},"[""What mechanisms in the model link venture capitalist advisory activity to higher innovation and firm value?"", ""Which tax policy instruments are implied to strengthen incentives for more intensive venture capital support?"", ""How robust are the model's conclusions to variation in venture capitalist productivity or start-up characteristics?""]",agree,0,,2026-04-12 20:01:31,v1,codex-cli,"[""D82"", ""G32"", ""O16"", ""O40""]","[""Venture capital"", ""double moral hazard"", ""innovation"", ""growth""]",2026-04-12 20:01:31
102,Virtue of Bad Times and Financial Market Frictions,Min Ouyang,report,3G5873LD,,http://ideas.repec.org/p/irv/wpaper/101103.html,Cyclicality of R&D,/Users/pedro/Documents/Projects/papers/cyclicality/references/Virtue of Bad Times and Financial Market Frictions.pdf,"The paper reassesses Schumpeter’s idea that recessions can stimulate growth-enhancing innovation. It argues theoretically that downturns encourage innovation only when the drop in innovation’s opportunity cost outweighs any decline in its expected return. The analysis also shows that binding financial constraints can block this effect, keeping innovation from increasing in recessions. Industry-level evidence supports the view that recessions have potential innovative benefits, but financial-market frictions often suppress them.",{},"[""How does the paper empirically measure the marginal opportunity cost and marginal expected return of innovation across industries?"", ""Which specific financial-market frictions are most responsible for preventing innovation from rising during recessions?"", ""Are the estimated effects heterogeneous across industries with different financing needs or innovation intensity?""]",agree,0,,2026-04-12 20:12:35,v1,codex-cli,"[""E32"", ""E44"", ""O30""]","[""recessions"", ""growth"", ""R&D"", ""financial-market frictions""]",2026-04-12 20:12:35
99,Volatility and growth: Credit constraints and the composition of investment,"Philippe Aghion, George-Marios Marios Angeletos, Abhijit Banerjee, Kalina Manova",journalArticle,3Y6CJLSJ,10.1016/j.jmoneco.2010.02.005,http://linkinghub.elsevier.com/retrieve/pii/S0304393210000176 http://www.sciencedirect.com/science/article/pii/S0304393210000176 http://dx.doi.org/10.1016/j.jmoneco.2010.02.005,Cyclicality of R&D,/Users/pedro/Documents/Projects/papers/cyclicality/references/Volatility and growth Credit constraints and the composition of investment.pdf,"The paper studies how uncertainty and credit constraints shape the mix between short-term investment and long-term investment that is more important for productivity growth. In perfect financial markets, long-term investment has less cyclical returns and therefore its share in total investment is countercyclical. Under tight credit constraints, however, the greater liquidity risk of long-term projects can make that share procyclical instead. The model implies that tighter credit worsens macroeconomic volatility and lowers average growth, and cross-country panel evidence is reported as supportive of these predictions.",{},"[""How strong is the empirical effect of credit tightening on the shift from long-term to short-term investment across different country contexts?"", ""Which firm or financial system characteristics most increase the liquidity risk that makes long-term investment procyclical under credit constraints?"", ""How does the model distinguish the effects of uncertainty from the effects of credit frictions in driving investment composition and growth outcomes?""]",agree,0,,2026-04-12 20:12:24,v1,codex-cli,"[""E22"", ""E32"", ""O16"", ""O30"", ""O41"", ""O57""]","[""Growth"", ""Volatility"", ""Credit constraints"", ""Liquidity"", ""Business cycles"", ""Amplification""]",2026-04-12 20:12:24
74,Volatility costs of R&amp;D,", Uluc Aysun",journalArticle,I9BEKQC2,10.1016/j.euroecorev.2019.103365,https://doi.org/10.1016/j.euroecorev.2019.103365,Cyclicality of R&D,,"The paper embeds endogenous growth in a New Keynesian DSGE model to study how R&D affects macroeconomic volatility. It argues that the cyclical behavior of R&D depends on the cyclicality of production labor: when labor supply is procyclical, R&D also becomes more procyclical and amplifies volatility; when labor supply is countercyclical, the effect reverses. Alternative calibrations suggest that higher R&D intensity, stronger innovation spillovers, and higher R&D adjustment costs weaken the direct labor link but make R&D track overall economic activity more closely, further increasing volatility. The paper concludes that stronger R&D-driven growth carries welfare-relevant volatility costs.",{},"[""How sensitive are the paper\u2019s volatility and welfare results to alternative assumptions about labor supply cyclicality across sectors or worker types?"", ""Do the model\u2019s conclusions hold empirically across countries or periods with different R&D intensities and innovation spillover rates?"", ""Which policy tools, such as R&D subsidies or labor market interventions, could preserve growth benefits while reducing the volatility costs identified in the model?""]",agree,0,,2026-04-12 20:09:39,v1,codex-cli,,,2026-04-12 20:09:39
202,What Do Technology Shocks Do,,preprint,RN6JH9VW,,,Cyclicality of R&D,/Users/pedro/Documents/Projects/papers/cyclicality/references/What Do Technology Shocks Do.pdf,,"{""dimension_i"":"""",""dimension_ii"":"""",""dimension_iii"":"""",""dimension_iv"":""""}",,,0,,,,,,,2026-04-12 18:49:20
196,What Does a Financial Shock Do,"Fabio Fornari, Livio Stracca",preprint,GQTAK6SE,,,Cyclicality of R&D,/Users/pedro/Documents/Projects/papers/cyclicality/references/What Does a Financial Shock Do.pdf,"The paper estimates the quantitative effects of financial shocks on real activity and financial conditions using a panel VAR for 21 advanced economies with quarterly data from 1985 to 2011. Financial shocks are identified via sign restrictions and appear to be distinguishable from other types of shocks. The results suggest that these shocks have substantial effects on macroeconomic outcomes, especially GDP and investment. However, the authors conclude that the macroeconomic transmission of financial shocks cannot be cleanly classified as either demand-side or supply-side.",{},"[""Which specific financial variables and sign restrictions are used to identify financial shocks in the panel VAR?"", ""How large and persistent are the estimated effects of financial shocks on GDP and investment across countries?"", ""What evidence prevents a clearer classification of these shocks as demand or supply shocks?"", ""Do the estimated effects vary systematically across different advanced economies or subperiods, especially around the global financial crisis?""]",agree,0,,2026-04-12 20:22:36,v1,codex-cli,"[""E44"", ""E52"", ""E58"", ""G20""]","[""Financial shocks"", ""VAR"", ""identification"", ""stochastic pooling"", ""leverage"", ""credit""]",2026-04-12 20:22:36
93,What drives firm growth? The role of demand and TFP shocks,"Fabiano Schivardi, Andrea Pozzi",report,RUB9JMR3,,http://ideas.repec.org/p/red/sed012/810.html,Cyclicality of R&D,,"The paper separates the roles of idiosyncratic demand shocks and productivity shocks in explaining firm growth, using a monopolistic competition model and Italian manufacturing data with firm-level prices. It finds that demand is at least as important as productivity for growth, and that firms adjust less to both types of shocks than a frictionless model would predict. The shortfall is larger for TFP shocks, with evidence pointing to sluggish price adjustment and internal organizational rigidity as key mechanisms, especially for weaker responses to productivity changes.",{},"[""How much of the weaker-than-predicted firm response reflects price-setting frictions versus other adjustment costs not directly observed in the data?"", ""Why do organizational rigidities appear to dampen responses to TFP shocks but not to demand shocks?"", ""Would the relative importance of demand and TFP shocks look similar outside Italian manufacturing or in more service-oriented sectors?""]",agree,0,,2026-04-12 20:11:43,v1,codex-cli,,,2026-04-12 20:11:43
92,Why Does Consumption Lead the Business Cycle?,Yi Wen,report,IPJLFIJ7,,http://ideas.repec.org/p/ecl/corcae/01-08.html,Cyclicality of R&D,,"The paper examines the empirical fact that US consumption leads output over the business cycle, contrary to standard Real Business Cycle model predictions. It argues that this mismatch arises because standard RBC models lack an endogenous propagation mechanism capable of supporting demand shocks. The core claim is that incorporating such a mechanism is necessary to reconcile theory with observed data.",{},"[""What specific endogenous propagation mechanism can allow demand shocks to generate consumption-leading-output dynamics in a business cycle model?"", ""How robust is the consumption-output lead relationship across different sample periods and alternative measures of aggregate consumption and output?"", ""Can models with demand-shock propagation match this lead-lag pattern without undermining other key RBC or DSGE business cycle moments?""]",agree,0,,2026-04-12 20:11:36,v1,codex-cli,,,2026-04-12 20:11:36
